1905-01-02	The Ancona Court
1905-01-02	The Nile Cold Storage Company, Ltd.,
1905-01-02	Embezzlement at G. P.-O
1905-01-02	Fatal Accident
1905-01-02	A. L. M. & D. S
1905-01-02	Cotton in Cyprus
1905-01-02	Suez Canal
1905-01-02	Motor Accident
1905-01-02	“The Cyprus Journal’’
1905-01-02	Coal Imports
1905-01-02	Gymkhana
1905-01-03	Post Office
1905-01-03	The Maltese Benevolent Society
1905-01-03	The Khedivial Yacht "Mahroussa"
1905-01-03	Suez Canal
1905-01-03	Merchant Seamen’s Home.
1905-01-03	New Year's Gifts.
1905-01-03	Restriction or Street Traffic in Cairo
1905-01-03	Sailors and Soldiers' Institute
1905-01-03	Amateur Theatricals.
1905-01-04	Cairo Water Company
1905-01-04	The French Gunboat “Raoce”
1905-01-04	Judge Assessors
1905-01-04	Accession Day
1905-01-04	Cairo Dogs
1905-01-04	Another Record Cargo
1905-01-04	Zizinia Theatre
1905-01-04	Fire at Alexandria
1905-01-04	Shepheard’s
1905-01-04	Church Services
1905-01-04	Double Murder for- P.T. 50
1905-01-04	St. Joseph’s Home,
1905-01-04	The Egyptian Slave Trade
1905-01-05	Bubonic Plaque
1905-01-05	Business Notice
1905-01-05	The
1905-01-05	The British Turbine Yacht “Emerald,''
1905-01-05	Motor Transport Company
1905-01-05	The Italian Consulate
1905-01-05	Verdi Theatre, Cairo
1905-01-05	Siemens-Schuckert-Werke
1905-01-05	Fatal Collapse of a Roof
1905-01-05	Children's Savings Bank
1905-01-06	General Holiday
1905-01-06	Quarantine restrictions
1905-01-06	Alhambra
1905-01-06	The Abousir Papyrus
1905-01-06	Royal Artillery Gun Practice
1905-01-06	British Chamber of Commerce
1905-01-07	The Asphalting of Clot Bey-street
1905-01-07	The Brindisi Mail
1905-01-07	The Opera Season
1905-01-07	Novelli
1905-01-07	Austro-Hungarian Benevolent Society
1905-01-07	New Markaz Courts
1905-01-07	Suez Canal
1905-01-07	Cairo Customs
1905-01-07	Discoveries at Sakhara
1905-01-07	Alhambra Theatre
1905-01-07	Cairo British Consulate
1905-01-07	Tourist Developments
1905-01-07	Mr. Bensilum's Suicide
1905-01-09	THE S.Y. “Argonaut”
1905-01-09	Bubonio Plague
1905-01-09	The Reunion des Familles Society
1905-01-09	New Doctors
1905-01-09	The North German Lloyd’s S.S. “Schleswig”
1905-01-09	Coal Imports
1905-01-09	H.M. Transport “Soudan”
1905-01-23	Salt and Soda Co
1905-01-23	Arrest of Young Turk
1905-01-23	Abbas Helmy Theatre
1905-01-23	Suez Canal
1905-01-23	Alhambra Theatre
1905-01-24	Wife Murder
1905-01-24	A Fatal Accident
1905-01-24	The Norddeutscher Lloyd S.S. “Schleswig,”
1905-01-24	Suez Canal
1905-01-24	Fire at Telephone Office
1905-01-24	Prize Distribution
1905-01-24	Abbas Helmy Theatre
1905-01-24	Cairo Scientific Society
1905-01-24	Cercle Khédivial, Alexandria
1905-01-24	All Saints’ Church, Ramleh
1905-01-27	Fire
1905-01-27	Suez Canal
1905-01-27	Temperance
1905-01-27	The Royal Visit
1905-01-27	Shepheard’s
1905-01-27	A Local Publication
1905-01-27	Abbas Helmy Theatre
1905-01-28	For the Unemployed
1905-01-28	At Mena House
1905-01-28	Automobilism in Egypt
1905-01-28	The Royal Visit
1905-01-28	Italian Consulates
1905-01-28	“In Memoriam.”
1905-01-28	The Hedjaz Railway
1905-01-28	Sporting Cairo
1905-01-28	Amateur Theatricals
1905-01-30	Erratum
1905-01-30	State Railways
1905-01-30	Coal Imports
1905-01-30	Suez Canal
1905-01-30	Concert
1905-01-30	Armenian Benevolent Society
1905-01-30	Alhambra Theatre
1905-01-30	H. M. Transport "Sicilia”
1905-01-30	"The Pirates of Penzance."
1905-01-31	Gambling Den Raided
1905-01-31	New Doctors
1905-01-31	Khedivial Opera House
1905-01-31	Savot Small Dances
1905-01-31	Alexandria Sporting Club
1905-01-31	Matinee Concert
1905-01-31	Suez Canal
1905-01-31	Tram Wires
1905-01-31	Popular University
1905-02-01	The National Bank
1905-02-01	Quarantine
1905-02-01	Hashish Seizure
1905-02-01	Children’s Ball
1905-02-01	Cairo Streets
1905-02-01	The Charity Entertainment
1905-02-01	Post Office Notice
1905-02-01	Leon Fehmy
1905-02-01	Cairo Gas
1905-02-01	Suez Canal
1905-02-01	National Discount Company
1905-02-01	Abbas Helmy Theatre
1905-02-02	The Ibrahimieh Canal
1905-02-02	Quail Exports
1905-02-02	Ottoman Bane Theft
1905-02-02	Lots Turcs
1905-02-02	Alhambra Theatre
1905-02-02	Suez Canal
1905-02-02	Cairo Tragedy
1905-02-02	Egyptian Investment and Agency, Limited
1905-02-02	Bank or Egypt
1905-02-02	Abbas Helmy Theatre
1905-02-02	Tourist Steamers
1905-02-03	The Nile In
1905-02-03	Ministry or Justice
1905-02-03	The Annual Ball of the Cairo French Benevolent Society
1905-02-03	Mena House
1905-02-03	Suez Canal
1905-02-03	Sailors' and Soldiers' Institute
1905-02-03	Mr. Scott-Leslie at Luxor
1905-02-03	St. Mark's Church, Alexandria
1905-02-03	Ghezirkh Palace
1905-02-03	School of Medicine
1905-02-03	Alexandria Museum
1905-02-03	Orwa El-Woska
1905-02-04	The Mahmal
1905-02-04	Suez Canal
1905-02-04	National Bank or Egtpt
1905-02-04	The Pirates of Penzance."
1905-02-04	The Freres' Case
1905-02-04	Coal Imports
1905-02-04	Egyptian Institute
1905-02-04	Mysterious Disappearance
1905-02-04	Armenian Benevolent Society
1905-02-06	The Khedivial Yacht "Mabroussa”
1905-02-06	Jewish Schools
1905-02-06	The New Assize Courts
1905-02-06	Kourban Beyram
1905-02-06	Electric Light at
1905-02-06	Margherita Society
1905-02-06	To Our Readers
1905-02-06	Yesterday’s Gale
1905-02-06	“The Pirates of Penzance."
1905-02-06	St. Andrew’s Church, Alexandria
1905-02-07	A Foundling
1905-02-07	The Pilgrimage
1905-02-07	Gruesome Discovery
1905-02-07	Bank of Egypt
1905-02-07	The Mahmal Theft
1905-02-07	Ploughing Competition
1905-02-07	Suez Canal
1905-02-07	Delta Light Railway Co
1905-02-07	Menahouse Gymkhana
1905-02-08	Cercle Mohamed Aly.
1905-02-08	Concert
1905-02-08	The Plague
1905-02-08	Fire
1905-02-08	Horse Show
1905-02-08	The cyprus journal
1905-02-08	Wakfs Administration.
1905-02-08	Suez canal
1905-02-08	The Plagues of egypt
1905-02-08	Egyptian mining
1905-02-08	English Soap in Egypt
1905-02-08	The International Employes Society,
1905-02-09	Rudolph home
1905-02-09	American mission
1905-02-09	Suez canal
1905-02-09	The band of the tourah prison negro boys
1905-02-09	A dementi
1905-02-09	The cretan murderer
1905-02-10	The plague
1905-02-10	The New Orthodox Church at medinet el
1905-02-10	Cathedral for cairo
1905-02-10	Gymehana
1905-02-10	Alhambra theatre
1905-02-10	Jewish pilgrimage
1905-02-10	Suez canal.
1905-02-10	Alexandrias drainage
1905-02-10	Presses Libres egyptiennes
1905-02-10	Ghezireh casino
1905-02-10	Cheap houses
1905-02-10	Fancy dress ball
1905-02-11	The plague
1905-02-11	COUNCIL OF MINISters
1905-02-11
1905-02-11	Egyptian Salt and Soda company
1905-02-11	The Freres Case
1905-02-11	Suez canal
1905-02-11	The pirates of penzance
1905-02-11	White Nile Exploration
1905-02-11	Coal imports
1905-02-11	Abbas helmy theatre
1905-02-11	Cheap houses at alexandria
1905-02-11
1905-02-11	Khedivial geographical society
1905-02-11	Alhambra theatre
1905-02-11	Helouan sporting club
1905-02-11	Still they come
1905-02-11	Retail trade combination
1905-02-11	Khedivial club
1905-04-03	Tourist Steamer
1905-04-03	Land and General Trust, Ltd
1905-04-03	Fire at Dessouk
1905-04-03	Fayoum
1905-04-03	Burglary
1905-04-03	Schweppes
1905-04-03	Bovine Typhus
1905-04-03	The Sucreries Company
1905-04-03	Case of Arson
1905-04-04	Foot and Mouth Disease
1905-04-04	All Saints’
1905-04-04	S.P.C.A
1905-04-04	Lunatic Asylum
1905-04-04	Greek Plays at Alexandria
1905-04-04	Stray and Ownerless Dog
1905-04-05	Collapse of a House
1905-04-05	The Feldmann Case
1905-04-05	Al hambra
1905-04-05	Executions at Alexandria
1905-04-05	Manoeuvres
1905-04-06	family Jar
1905-04-06	Murderers Sentenced.—
1905-04-06	Stray anu Ownerless Dogs
1905-04-06	Suez Canal
1905-04-06	Alexandria's Cabs
1905-04-06	"Poisson d’Avril."
1905-04-06	The Lottery Law
1905-04-06	Alexandria Assizes
1905-04-06	An Incident
1905-04-06	Egyptian State.Raiiavays.
1905-04-07	Suez Canal
1905-04-07	British Recreation Club
1905-04-07	Mixed Appeal Court
1905-04-07	ET.C. Rates
1905-04-07	Fayoum Light Railway
1905-04-07	Charity Fete
1905-04-07	Saved el-Sadat'b Household
1905-04-07	Summer Leave
1905-04-07	Garrison Church of 8t. George, Musta- pha Pasha
1905-04-10	CATTLE PLAGUE
1905-04-10	INTERNATIONAL CHAMBER OF COMMERCE
1905-04-10	SUEZ CANAL
1905-04-10	THE WAKF’S ADMINISTRATION
1905-04-10	MENA HOUSE DANCE
1905-04-10	ALHAMBRA THEATRE
1905-04-10	INTERNATIONAL CHAMBER OF NAVIGATION
1905-04-10	THE BANDMANN DALLAS OPERA COMPANY
1905-04-11	The “Journal Du Caire.”
1905-04-11	NEW DOCTORS
1905-04-11	THE PLAGUE
1905-04-11	SANITARY DEPT.
1905-04-11	THE HOTEL SANATORIUM,
1905-04-11	UM RUS GOLD MINES OF EGYPT (Ltd.)
1905-04-11	THE FRENCH CRUISER
1905-04-11	THE GREAT NUMBER
1905-04-11	CATTLE PLAGUE
1905-04-11	PRINCE COLIBRI,
1905-04-11	KASR El-Nil Bridge
1905-04-11	ZEITOUN.
1905-04-11	THE LOTTERY LAW.
1905-04-11	THE EGYPTIAN DIRECTORY
1905-04-11	CAIRO IMPROVEMENTS.
1905-04-11	THE LAST HOMEWARD TRANSPORT
1905-04-11	MENA HOUSE.
1905-04-11	THE BELGIAN CLUB
1905-04-12	Congdon c. Houghton
1905-04-12	ARMY of Occupation
1905-04-12	Suez Canal
1905-04-12	Rabies
1905-04-12	Al Azhar
1905-04-12	Salt and Soda Co
1905-04-12	Adjudications
1905-04-12	Cleopatra Cigarette Co
1905-04-12	Recovery of Stolen Property
1905-04-12	Prince Colibri
1905-04-12	Shooting Affray
1905-04-12	A Baby on the Bourse
1905-04-12	Bandmann Dallas Opera Company
1905-04-12	The White Slave Traffic.
1905-04-12	Alexandria Archaeological Society.
1905-04-13	Delta Light Railways
1905-04-13	Popular University
1905-04-13	Stray And Ownerless Dogs
1905-04-13	Suez Canal
1905-04-13	The Opera House
1905-04-13	Egyptian State Railways
1905-04-13	Abbas Helmy Theatre
1905-04-13	Union Syndicale Des Agriculteurs
1905-04-13	Easter Holidays
1905-04-14	Port Arthur Garrison.
1905-04-14	Popular University
1905-04-14	Slave Trade
1905-04-14	Upper Egypt Hotels
1905-04-14	Sudden Death
1905-04-14	Murderer Sentenced
1905-04-14	New Company
1905-04-14	Wreck
1905-04-14	Belgian Consulate
1905-04-14	Suez Canal
1905-04-14	“The Suez Canal, its Origin, Construction, and Administration.”
1905-04-14	Inhuman Daughter-In-Law.
1905-04-14	Alhambra
1905-04-14	Well-Directed Liberality
1905-04-14	St. Mark's Jubilee of Consecration
1905-04-14	Bandmann-Dallas Opera Company
1905-04-14
1905-04-14	Hotel Beau-Rivage, Ramleh
1905-04-14	Mishap on the Line
1905-04-15	The Charity Bazaar
1905-04-15	Attempted Murder
1905-04-15	Land Purchase
1905-04-15	Execution
1905-04-15	National Bank
1905-04-15	Suez Canal
1905-04-15	Mariout
1905-04-15	Ancient Egyptian Skulls
1905-04-15	Egyptian Speculative Enterprise
1905-04-15	Coal Imports.
1905-04-15	Baldness a Egypt
1905-04-15	New Egyptian Co.
1905-04-15	Employes’ Federations
1905-04-15	The National Hotel,
1905-04-20	The Plague.
1905-04-20	The Mahmal
1905-04-20	The Pilgrimage
1905-04-20	Quarantine restrictions
1905-04-20	The Next Archealogical Congress
1905-04-20	The “Cairo.”
1905-04-20	Death Sentence.
1905-04-20	St. Mark's Church.
1905-04-20	AL Azhar.
1905-04-20	The Native Tribunal
1905-04-20	Stray and ownerless Dogs
1905-04-20	Suez Canal.
1905-04-20	Mohamed Aly Centenary.
1905-04-20	Agricultural Bank.
1905-04-20	Prisce’s Palace Sold.
1905-04-20	Œuvre des Enfants Abandonnes.
1905-04-24	Mr. Thubron's Misfortune.
1905-04-24	The Cotton Worm.
1905-04-24	French Agency.
1905-04-24	Egypt and Lancashire
1905-04-24	Bulkeley Post Office.
1905-04-24	Explosives on the Canal.
1905-04-24	The Ramleh Boulevard Murder.
1905-04-24	The Heat of Saturday.
1905-04-24	Carlton Hotel, Bulkeley.
1905-04-24	Cairo Evangelical Free Church.
1905-04-25	Automobile Accident.
1905-04-25	Al Azhar.
1905-04-25	Tramway Accident.
1905-04-25	A Clean Sheet
1905-04-25	Sanitary Department:
1905-04-25	Senaar Province.
1905-04-25	EGYPTIAN ARMY.
1905-04-25	Marsa Matrouh.
1905-04-25	Asile Runolph.
1905-04-25	Bandmann Opra Company.
1905-04-25	Gatti’s Circus
1905-04-25	Record Shipment.
1905-04-25	Suez Canal
1905-04-25	Railway Reforms.
1905-04-25	National Bank.
1905-04-25	Alexandria Police.
1905-04-25	War Office.
1905-04-25	Concert.
1905-04-25	Alhambra Theatre.
1905-04-25	The Sultan’s Rule
1905-04-25	Important Trial.
1905-04-25	Suicide, from Love.
1905-04-26	The Pension Law
1905-04-26	Foot and Mouth Disease
1905-04-26	Postal Management
1905-04-26	A Native Thief
1905-04-26	The Bar of Messrs. Walker and Meiuaracht
1905-04-26	The Cleopatra Cigarettes Company
1905-04-26	A Desperate Suicide
1905-04-26	Prince Colibri
1905-04-26	Happiness in the Harem
1905-04-27	CENTENARY
1905-04-27	A Cricket Match
1905-04-27	Gatti's Circus
1905-04-27	Popular University
1905-04-27	Railway Timetable
1905-04-27	Suez Canal Souvenir
1905-04-27	An Unwelcome Passenger
1905-04-27	Suez Canal
1905-04-27	Concert at Suez
1905-04-28	Holiday
1905-04-28	Polo.
1905-04-28	Street Asphalting
1905-04-28	Sir Wm. Garstin’s Report.
1905-04-28	Mex.
1905-04-28	Army of Occupation.
1905-04-28	A Deserter
1905-04-28	Basdmann Opera Company.
1905-04-28	Simi es Nessim Trips.
1905-04-28	A New Music Hall for Alexandria
1905-04-28	Tokar Syndicate.
1905-04-28	Hardly a Qualification.
1905-04-28	Jewel Thief Captured.
1905-04-28	Imperial Ottoman Bank.
1905-04-28	An Electrical Spinning Mill.
1905-04-28	Murderer Sentenced.
1905-04-28	Egyptian Paleoliths.
1905-04-28	A Slump.
1905-04-29	Gato’s Circus Troupe
1905-04-29	Mousky Church
1905-04-29	Upper Egypt Hotels
1905-04-29	Cairo Libel Case
1905-04-29	The North German Lloyd
1905-04-29	Egyptian Land Investment Co
1905-04-29	Suez Canal
1905-04-29	Agricultural Bank of Egypt
1905-04-29	Meesageries Maritimes
1905-04-29	Land Bank of Egypt
1905-04-29	St. Andrew's Church, Alexandria
1905-04-29	The S. S. Cairo
1905-04-29	Universal Entertainers
1905-05-03	The Egyptian Delta Light Railway’s
1905-05-03	The Plague
1905-05-03	New Licenses
1905-05-03	Customs Administration
1905-05-03	Khedivial Opera House
1905-05-03	Egyptian Onions
1905-05-03	American Mission
1905-05-03	P. W. D. Contracts
1905-05-03	New Italian Newspaper
1905-05-03	Alhambra Theatre
1905-05-04	The P.&O. mail steamer “Isis”
1905-05-04	Stray and Ownerless Dogs
1905-05-04	Popular University
1905-05-04	Sanitary Dept
1905-05-04	A. S. C
1905-05-04	St. George's Day
1905-05-04	Suez Canal
1905-05-04	Esbekieh Theatre
1905-05-04	Egypt and Palestine
1905-05-05	Bands at the Esbekieh
1905-05-05	P.W.D. Contracts
1905-05-05	Suez Canal
1905-05-05	Cairo “Zoo.”
1905-05-05	St. George's Day
1905-05-05	Egyptian Estates
1905-05-05	All Saint's, Cairo
1905-05-05	Murray’s “Egypt."
1905-05-05	Big Bequests
1905-05-05	Sailors and Soldiers’ Institute
1905-05-06	The Plague.
1905-05-06	Anglo-American Nile Co.
1905-05-06	The Police Case.
1905-05-06	Khedivial Appointment
1905-05-06	Mohamed Aly Centenary
1905-05-06	Trams to Abou Roash.
1905-05-06	The Spl
1905-05-06	Suez Canal.
1905-05-06	The Garrison Directory.
1905-05-06	Alhambra Theatre.
1905-05-06	Coal Imports.
1905-05-06	Credit Foncier.
1905-05-06	Ottoman Official Salaries.
1905-05-06	“La Revue Internationale d'Egypte."
1905-05-06	Egyptian Institute.
1905-05-06	The Coptic Monasteries.
1905-05-06	Suspension of a Moudir.
1905-05-06	Cairo Cigarette-maker’s
1905-05-06	Shoubra School
1905-05-08	The Plague
1905-05-08	Asile Rudolph
1905-05-08	“Mohamed. The Rise of Islam”
1905-05-08	White Slave Traffic.
1905-05-08	Children's Ball
1905-05-08	Slavery Case.
1905-05-08	The Museum Catalogue.
1905-05-08	Suez Canal.
1905-05-08	S. & S.F.A
1905-05-08	Fatal Collapse of House.
1905-05-08	Spl
1905-05-08	Italian School at Port Said.
1905-05-08	St. Georoe's Day. O. S.
1905-05-08	Alhambra Theatre
1905-05-08	Lady Gorst’s Portrait.
1905-05-08	Vienna Choral Society.
1905-05-08	The Egyptian Press.
1905-05-08	Merchant Seamen's Home.
1905-05-09	Sanitary Dept.
1905-05-09	Egyptian Estates, Limited.
1905-05-09	EGYPTIAN ARMY.
1905-05-09	Mohamed Aly Centenary.
1905-05-09	Messageries Maritimes
1905-05-09	Anglo-Egyptian Rank, Limited.
1905-05-09	Exemption from Military Service.
1905-05-09	The Plague.
1905-05-09	Suez Canal.
1905-05-09	Quarantine Service.
1905-05-09	Anglo-Egyptian Postal Communication
1905-05-09	Improvement of Mosques.
1905-05-09	THE NATIVE PRESS.
1905-05-09	Khedivial Club.
1905-05-09	White Slave-Traffic.
1905-05-09	Bank of Athens.
1905-05-09	Exciting Scene at a Bank.
1905-05-10	Gambling Hell Raided
1905-05-10	Foot and Mouth Disease
1905-05-10	THE BOOK CLUB
1905-05-10	STRAY AND OWNERLESS DOGS
1905-05-10	"TURKISH” TOBACCO
1905-05-10	THE SADAT AFFAIR
1905-05-10	HELLENIC ASSIZES
1905-05-10	SUEZ CANAL
1905-05-10	Khedivial Geographical Society
1905-05-10	Frauds on Illiterate Persons
1905-05-10	Police Outrage
1905-05-10	Dismissal of Cadi
1905-05-10	Repression of Slave Trade
1905-05-10	Oeuvre des Enfants' Abandonnés
1905-05-11	The Fayoum Brigands
1905-05-11	General Holiday
1905-05-11	The Cotton Worm
1905-05-11	Public Works Department
1905-05-11	Killed, by his Father
1905-05-11	Land and General Trust
1905-05-11	Suez Canal
1905-05-11	State Domains
1905-05-11	Egyptian Relics
1905-05-11	Corporation or Western Egypt, Ltd
1905-05-11	Alhambra Theatre
1905-05-11	Pharmacy Closed
1905-05-11	Cairo and Alexandria Cold Storage Com- pany, Limited.
1905-05-11	An Island in the Nile
1905-05-11	P.W.D. Contracts.
1905-05-11	A Hero of El Teb
1905-05-12	Empire Day.
1905-05-12	The Ghirgeh Scandal.
1905-05-12	Children's Ball.
1905-05-12	Sudden Death.
1905-05-12	Alexandria Tramway Company.
1905-05-12	Railway Booking Office.
1905-05-12	Belgian Consulate.
1905-05-12	Fatal Carriage Accident.
1905-05-12	Suez Canal.
1905-05-12	St. Andrew’s Church, Cairo.
1905-05-12	Popular University.
1905-05-12	American Consular Agency.
1905-05-12	Salt and Soda Company.
1905-05-12	The Theban Finds.
1905-05-12	A. L. M. & D. S.
1905-05-12	Lancashire Cotton Profits.
1905-05-12	The Bahr el Ghazal Eland.
1905-05-13	Madhouse for Aboukir
1905-05-13	Public Debt Commission
1905-05-13	Fire at Simbellawen
1905-05-13	Suez Canal
1905-05-13	Alhambra Theatre
1905-05-13	Siwa Oasis
1905-05-13	Suez Canal Co
1905-05-13	Ibrahiumieh Ploughing Company
1905-05-13	Government Printing Works
1905-05-13	Coal Imports
1905-05-13	Property at Cairo
1905-05-13	San Stefano Casino
1905-05-13	A Sohag Sensation
1905-05-13	Egyptian Securities Investment List
1905-05-13	Greeks in Egypt
1905-05-15	Murder with Robbery
1905-05-15	Suez Canal
1905-05-15	Cattle Plague
1905-05-15	Panic at the Arsenal
1905-05-16	Sanitary Dept
1905-05-16	Holiday
1905-05-16	The Plague
1905-05-16	Popular University
1905-05-16	Stray and Ownerless Dogs
1905-05-16	Anglo-American Nile
1905-05-16	Suez Canal
1905-05-16	The "Mahroussa."
1905-05-16	Egyptian Mining.
1905-05-16	Irish Linens
1905-05-16	A Cool Fellah
1905-05-16	Presentation of Medals.
1905-05-17	H. H. S. "Aida"
1905-05-17	The Plague
1905-05-17	A Council of Ministers
1905-05-17	Socibtk Reunion Ramustes
1905-05-17	Stray and Ownerless Dogs
1905-05-17	A Dementi
1905-05-17	A.L.M. & D.S
1905-05-17	Union Syndicale des Agriculteurs
1905-05-17	Suez Canal
1905-05-17	Khedivial Geographical Society
1905-05-17	Wagons Lits
1905-05-17	The Procession
1905-05-17	The Didot-Boton.
1905-05-18	Stray and Ownerless Dogs
1905-05-18	Suez Canal
1905-05-18	The Council of Ministers
1905-05-18	Special Settling Days
1905-05-18	Murder at Alexandria
1905-05-18	Mouled en-Nebi
1905-05-18	English Language in Mixed Tribunals’
1905-05-18	Windsor Hotel
1905-05-18	A “Soire Noire"
1905-05-19	The Brindisi Mail
1905-05-19	Quarantine restrictions
1905-05-19	Stray and Ownerless Doos
1905-05-19	Alhambra Theatre
1905-05-19	The Slave Trade
1905-05-19	Dante Aliouikri Society
1905-05-19	Alexandria Stockbrokers’ Association
1905-05-19	Hutchinson Nursinq Home
1905-05-19	Sale of Palace
1905-05-19	Alexandria Banks
1905-05-20	Survey Department
1905-05-20	Stray and Ownerless Dogs
1905-05-20	The Arc of Meridian
1905-05-20	Found Drowned
1905-05-20	Street Asphalting
1905-05-20	Mr. A.E. Shellard,
1905-05-20	Alhambra Theatre
1905-05-20	The Old Bourse Palace,
1905-05-20	Suez Canal
1905-05-20	Coal Imports
1905-05-22	Mohamed Aly Mosque
1905-05-22	The Salaries of Mosque Att
1905-05-22	Wakps Administration
1905-05-22	Suez Canal
1905-05-22	Canine Regulations
1905-05-22	Upper Egypt Hotels Company
1905-05-22	Windsor Hotel
1905-05-22	Mariout
1905-05-22	Land Bank of Egypt
1905-05-22	A Departmental Exchange
1905-05-22	British Chamber of Commerce
1905-05-22	Egyptian Water-ways
1905-05-22	Riding Accident
1905-05-22	San Stefano Casino
1905-05-23	The Plague
1905-05-23	The Ministerial Offices
1905-05-23	Stray and Ownerless Dogs
1905-05-23	A Bold Claim
1905-05-23	A New Pyramid
1905-05-23	Mariout
1905-05-23	Mahmoudieh Canal Traffic
1905-05-23	Gairo Scientific Society
1905-05-23	Suez Canal
1905-05-23	Greek Resident’s Legacies
1905-05-23	Cape to Cairo Railway
1905-05-23	A Trophy For Khartoum
1905-05-23	Murder with Robbery
1905-05-23	A. L M. & D. S
1905-05-24	The Coptic Language
1905-05-24	Native Killed
1905-05-24	Cyprus
1905-05-24	Egyptian Estates, Limited
1905-05-24	Sudan Exploration
1905-05-24	Sharaki Land
1905-05-24	The Pilgrimage Enquiry
1905-05-24	Suez Canal
1905-05-24	The Sais Sarcophagi
1905-05-24	An Interesting Visitor
1905-05-24	A. L M. & D. S
1905-05-24	The Summer Exodus
1905-05-24	Empire Day
1905-05-24	French Fete
1905-05-24	Sailors and Soldiers' Institute
1905-05-25	Epidemics
1905-05-25	The Garrisons of Crete and Cyprus
1905-05-25	New Pharmascists
1905-05-25	Public Debt Commission
1905-05-25	A Prince on Poetry
1905-05-25	Suez Canal
1905-05-25	Mahmoudieh Canal.
1905-05-25	The Capitulations
1905-05-25	Mohamed Aly Centenary
1905-05-25	Mohamed Aly Square Outrage
1905-05-25	The Telegraph Wanted
1905-05-25	Corporation of Western Egypt,Limited
1905-05-25	Alderson’s Garden
1905-05-25	Reuter's Telegram
1905-05-25	Motor Fire Engines
1905-05-26	Eovptian Improvements Corporation
1905-05-26	Khamseen
1905-05-26	The Egyptian Water-Colour Drawings
1905-05-26	Sea Bathing
1905-05-26	Another New Company,
1905-05-26	P. and O. Steam Navigation
1905-05-26	Suez Canal
1905-05-26	Official Amenities
1905-05-26	Khedivial School of Law
1905-05-26	Egyptian State Domain Mortgage Bonds
1905-05-26	Mounted Infantry March
1905-05-26	Egyptian Cotton
1905-05-26	Jesuits’ Fete
1905-05-26	The Sheikh's New Teeth
1905-05-27	Egyptological Work
1905-05-27	Upper Nile Natives
1905-05-27	Sudan Wells.
1905-05-27	Big Deal in Cairo.
1905-05-27	Railways is Syria
1905-05-27	Delta Railway Institute
1905-05-27	Suez Canal
1905-05-27	Austro-Hungarian Agency
1905-05-27	Railway and Caisse|Employes
1905-05-27	Coal Imports
1905-05-27	Alhambra Theatre.
1905-05-27	Primitive Egyptians
1905-05-27	Fire at Zagazig
1905-05-27	Alexandria Gouvernorat
1905-05-27	The Bedouin and the Smugglers
1905-05-27	Maltese Benevolent Society
1905-05-27	Mohamed Aly Memorial.
1905-05-29	STRAY AND OWNERLESS DOGS
1905-05-29	GABARI GRAVING DOCK
1905-05-29	SUEZ CANAL
1905-05-29	THE TALE OF A GREEK PRIEST
1905-05-29	HOTEL BEAU RIVAGE
1905-05-29	JEUNES ECONOMES DES PAUVRES
1905-05-29	ARMY OF OCCUPATION
1905-05-29	THE CAIRO CITY FIRE BRIGADE
1905-05-29	COLLEGE OF ST. FRANCOIS XAVIER
1905-05-30	Epidemic.
1905-05-30	The Austro-Hungarian Diplomatic Agency
1905-05-30	German Mission.
1905-05-30	The Ministers.
1905-05-30	Horse Show.
1905-05-30	Quarantine in Turkey.
1905-05-30	English Church Services.
1905-05-30	Dramatic Performance.
1905-05-30	Suez Canal.
1905-05-30	The Cotton Worm.
1905-05-30	Khedivial School of Law.
1905-05-30	Official Salaries.
1905-05-30	An Outbreak of Fire
1905-05-30	Hotel Beau-Rivage.
1905-05-30	Murder by Ghaffir.
1905-05-30	Death from Alcoholic Poisoning.
1905-05-30	ARMY of OCCUPATION.
1905-05-30	Water Main Bursts.
1905-05-31	The Rains.
1905-05-31	Festa del Statuto.
1905-05-31	Postal Notice.
1905-05-31	Cape to Cairo.
1905-05-31
1905-05-31	The Sinai Expedition.
1905-05-31	Drowning Fatality.
1905-05-31	Crushed to Death.
1905-05-31	The Weather in Cairo.
1905-05-31	Post Office Inspection.
1905-05-31	Egyptian Options.
1905-05-31	Alhambra Theatre.
1905-05-31	The Weather in Cairo.
1905-05-31	"That’s none of your business,"
1905-05-31	A Record Month.
1905-05-31	Important Notice.
1905-05-31	A Mummy Specialist.
1905-06-01	Lots Turcs
1905-06-01	Hellenic Fleet
1905-06-01	New Maltese Band
1905-06-01	H.M.S. “Juno"
1905-06-01	Suez Canal
1905-06-01	Attempted Suicide
1905-06-01	Fight on the Bourse
1905-06-01	Fire at Zagazig
1905-06-02	THE COTTON WORM
1905-06-02	THE BRINDISI MALL
1905-06-02	QUARANTINE
1905-06-02	HASSEINIEH SCHOOL.
1905-06-02	New Bank.
1905-06-02	KHEDIVIAL LIBRARY.
1905-06-02	TANTAH LOCAL COMMISSION.
1905-06-02	THE PLAGUE.
1905-06-02	ALHAMBRA THEATRE
1905-06-02	P.W.D.
1905-06-02	THE Captain's watch.
1905-06-02	HELOUAN Railway.
1905-06-02	A LADY GOVERNMENT CLERK.
1905-06-02	FATAL ACCIDENT.
1905-06-02	SUEZ CANAL.
1905-06-02	IRRIGATION INSPECTOR'S CLOTHES STOLEN.
1905-06-02	PORT SAID'S CATHOLIC SEAMEN'S CLUB.
1905-06-02	GATTI'S CIRCUS.
1905-06-02	HOTEL BEAU-RIVAGE.
1905-06-03	QUARANTINE
1905-06-03	The Plague
1905-06-03	Assiout Moudirieh
1905-06-03	Egyptian Estates, Ltd
1905-06-03	As Asylum Case
1905-06-03	THE Ghirgeh.Scandal
1905-06-03	Coal Imports
1905-06-03	Egyptology at Liverpool
1905-06-03	Sad Death
1905-06-03	The Onion Crop
1905-06-03	All Saints', Cairo
1905-06-03	Alhambra Theatre
1905-06-03	Suez Canal
1905-06-03	POLICEMAN Shoots AN ITALIAN
1905-06-05	Hotel Beau-Rivage
1905-06-05	Birket El Sab Bridge
1905-06-05	New Doctohs
1905-06-05	Stray and Ownerless Dogs
1905-06-05	Police Stables
1905-06-05	Mex Pumping Station
1905-06-05	Quarantine at Constantinople
1905-06-05	Suez Canal
1905-06-05	Three per Cent Loan
1905-06-05	The Suez Line
1905-06-05	Jeunes Economes des Pauvres
1905-06-05	Concert
1905-06-05	Maltese National Band
1905-06-06	H. M. S. “Juno,"
1905-06-06	San Stefano Casino
1905-06-06	Suez Canal
1905-06-06	Police Bribery
1905-06-06	Lands at Ghizeh
1905-06-06	Our Confreres
1905-06-06	The North German Lloyd’s
1905-06-06	The Union Artistique Francaise
1905-06-06	Alfonso XIII. at Paris
1905-06-06	A Desc
1905-06-06	The Priestess of Osiris
1905-06-06	LA Revue International^! d’Egypte,
1905-06-07	The Brindisi Mail
1905-06-07	Mariout Exploration
1905-06-07	Fatal Tram Accident
1905-06-07	Hellenic School
1905-06-07	San- Stefano Casino
1905-06-07	Is it Murder?
1905-06-07	French National Fete
1905-06-07	Judges’ Residences
1905-06-07	Suez Canal
1905-06-07	Alexandria-Trikst* Mail Service
1905-06-07	P. n 0
1905-06-07	Destruction or Crops
1905-06-07	Gruesome Discovert
1905-06-12	Epidemic
1905-06-12	Stray and Ownerless Dogs
1905-06-12	Egyptian Railway Administration
1905-06-12	Suez Canal
1905-06-12	Special Settlement
1905-06-12	Egyptian Salt and Soda Co.
1905-06-12	P. O. Savings Bank
1905-06-12	Port Said Cu stoms
1905-06-12	Amusing Incident
1905-06-12	Terrorism in the Villages
1905-06-12	Presentation to Miss MunGavin
1905-06-15	'D.C.L for the Sirdar
1905-06-15	The Camilleri Cam.
1905-06-15	Delta LanT> and Investment Co.
1905-06-15	Stray and Ownerless Does
1905-06-15	New Land Comply.
1905-06-15	Delta Lftyir Railway Co.
1905-06-15	Red Sea Lighthouses.
1905-06-16	The Plague
1905-06-16	Stray and Ownerless Dogs
1905-06-16	Big Land Deal
1905-06-16	Egyptian Trust and Investment
1905-06-16	International Courts
1905-06-16	Suez Canal
1905-06-16	The Camilleri Case
1905-06-16	Hotel Beau-Rivage
1905-06-16	The Church in Cyprus
1905-06-16	Diplomatic Dignity
1905-06-16	A Public Nuisance
1905-06-17	The National Bank or Egypt
1905-06-17	Red Sea Lights
1905-06-17	Drowning Fatality at Ciiatby
1905-06-17	Egyptian Ostrich Feathers
1905-06-17	Hypnotism
1905-06-17	Circus
1905-06-17	Suez Canal
1905-06-17	Alhambra Theatre
1905-06-17	Accident in Harbour
1905-06-17	Mr. Jones and Mr. Brown
1905-06-17	Alexandria Tramway Co
1905-06-17	Egypt’s G.P.O. in 1400 B.C
1905-06-17	North German Lloyd
1905-06-19	Quarantine
1905-06-19	Seizure of Hashish
1905-06-19	Arabic Examinations
1905-06-19	British Chamber of Commerce
1905-06-19	Cotton Worm
1905-06-19	Suez CanaL
1905-06-19	Building Credits
1905-06-19	Coal Imports
1905-06-19	S. P. C. A. in Cairo
1905-06-19	Sky Advertising
1905-06-19	Police School
1905-06-19	Egypt and Germany
1905-06-19	Suicide in the Harbour
1905-06-19	An Example for Alexandria
1905-06-20	The Plague
1905-06-20	Hashish Seizure
1905-06-20	Stray and Ownerless Dogs
1905-06-20	The Execution of Mohamed Ali Naggar
1905-06-20	Drowinng Accident
1905-06-20	Alexandria Police
1905-06-20	Suez Canal
1905-06-20	The Unknown Forces
1905-06-20	Killed by a Fish
1905-06-20	Execution of a Parricide
1905-06-20	Measles in Upper Egypt
1905-06-20	Attempted Murder
1905-06-21	Reduced Cable Rates
1905-06-21	Red Sea Lighthouses
1905-06-21	Sudden Death
1905-06-21	Fatal Accident.
1905-06-21	Port SAID Cotton Export
1905-06-21	The Plague
1905-06-21	Ramleh Boulevard Burglary.
1905-06-21	Suez Canal
1905-06-21	A Burning Passion
1905-06-21	Fire
1905-06-21	San Stefano Casino
1905-06-21	An ANCIENT EGYPTIAN Flea
1905-06-21	Suicide
1905-06-21	The DISTRIBUTION of Prizes
1905-06-22	The Plague
1905-06-22	The Camilleri Case
1905-06-22	Stray and Ownerless Dogs
1905-06-22	Port Said P.O
1905-06-22	Alleged Seizure of Hashish
1905-06-22	Suez Canal
1905-06-22	Attempted Fratricide
1905-06-22	Alexandria’s New Harbour Pass
1905-06-22	Shoemaker’s Suicide
1905-06-22	Messrs. Walker and MeimaracHI, Limited
1905-06-22	Daira Sanieh Co
1905-06-22	The Nile Cold Storage Co., Ltd.
1905-06-22	English Variety Company
1905-06-22	Policemen Hold High Carousal
1905-06-23	Suez Canal
1905-06-23	The GHIRGEH Scandal
1905-06-23	San Stefano Casino
1905-06-23	The Plague
1905-06-23	Eden Theatre
1905-06-23	Fire at Tantah
1905-06-23	Fatal Motor Car Accident in Cairo
1905-06-24	New Police Station.
1905-06-24	Hashish Seizure
1905-06-24	The Camilleri Case.
1905-06-24	The Ghirgeh Scandal
1905-06-24	Union Artistique Francaise
1905-06-24	Hypnotism
1905-06-24	Alhambra Theatre
1905-06-24	Suez Canal
1905-06-24	The Plague
1905-06-24	San Stefano Casino.
1905-06-24	Coal Imports
1905-06-24	Opening Ceremony
1905-06-24	A New Theatre
1905-06-24	Mnemonics
1905-06-24	The Bandman Opera Company have been playing successfully at Colombo,                             whence they proceed to India. Says the “Indian Planters’ Gazette”
1905-06-29	The Plague
1905-06-29	Cotton Pulling
1905-06-29	Stray and Ownerless Dogs
1905-06-29	Rotations
1905-06-29	Suez Canal
1905-06-29	Fatal Accident
1905-06-29	San Stefano Casino
1905-06-29	Victoria College
1905-06-29	Sexagenarian Attempts Scuicide
1905-06-29	Prizes Given in Cairo
1905-06-30	The Brindisi Mail
1905-06-30	Stray and Ownerless Dogs
1905-06-30	St. Andrew’s Church, Alexandria.
1905-06-30	Suez Cana
1905-06-30	Harmonia Club.
1905-06-30	Fatal Fall from Building.
1905-06-30	The Plague.
1905-06-30	Lamp Explosion.
1905-06-30	Mex Casino.
1905-06-30	Hotel Beau Rivage, Ramleh.
1905-06-30	Carriage Accident.
1905-06-30	Gardner-Brown Bioscope and Variety Co.
1905-07-03	Railway Accident
1905-07-03	Quarantine in Turkey
1905-07-03	Stray and Ownerless Dogs
1905-07-03	Carlton Hotel
1905-07-03	A Fire
1905-07-03	Still they Come!
1905-07-03	Suez Canal
1905-07-03	Fatal Lamp Accident
1905-07-03	LETTERS to the Editor
1905-07-03	Stock Exchange Notices
1905-07-03	Cattle Plague
1905-07-03	Italian Comedy
1905-07-03	Death of the Chimpanzee at the Zoo
1905-07-03	Delivery of Letters
1905-07-04	Gabbari Dock.
1905-07-04	Assouan Canal Locks.
1905-07-04	The Cotton Worm.
1905-07-04	Stray and Ownerless Dogs
1905-07-04	Train Fatality.
1905-07-04	Hashish Smuggling.
1905-07-04	British Consular Court.
1905-07-04	Kasr-el-Nil Barracks.
1905-07-04	The “Revue Internationale d’Egypte”
1905-07-04	Blackmailer Sentenced.
1905-07-04	“Avon” Stabbing Case.
1905-07-04	Suez Canal.
1905-07-04	Execution Chambers.
1905-07-04	Sphinx Excavations.
1905-07-04	Russian Visitors.
1905-07-04	The Rifaa Case.
1905-07-04	Executions.
1905-07-04	Continental Hotel.
1905-07-04	AMERICAN COTTON CROP.
1905-07-04	THE GOVERNMENT REPORT.
1905-07-04	TELEGRAM FROM MR. PRICE.
1905-07-04	THEFT AT .
1905-07-04	A PROVIDENTIAL ARBAGI.
1905-07-04	ANGLO-AMERICAN NILE COMPANY.
1905-07-04	IMPERIAL OTTOMAN BANK.
1905-07-07	Double Execution at Alexandria.
1905-07-07	The Plague.
1905-07-07	Suez Canal.
1905-07-07	Plague Precautions.
1905-07-07	Hashish Smuggling.
1905-07-07	‘Quis Custodies Ipsos Custodes V
1905-07-07	EGYPTIAN ARMY.
1905-07-07	Dramatic Performance.
1905-07-07	Ramleii Railway Crossings.
1905-07-10	Execution
1905-07-10	The King and the Pigmies.
1905-07-10	Assize Courts.
1905-07-10	Found Drowned.
1905-07-10	Suez Canal.
1905-07-10	Stray and Ownerless Dogs
1905-07-10	The Union Artistique Francaise
1905-07-10	Batons for Bayonets.
1905-07-10	New Banking Houses.
1905-07-10	Buried Alive.
1905-07-10	Collision at Sidi Gaber.
1905-07-10	Molahiz Gaffirs.
1905-07-10	An Unnatural Son.
1905-07-11	Rains
1905-07-11	The New Anti-Rabic Institute,
1905-07-11	Agricultural Shows
1905-07-11	Little Girl Drowned.
1905-07-11	Stray and Ownerless Dogs
1905-07-11	Defrauding the Revenue.
1905-07-11	P. W. D.
1905-07-11	Suez Canal.
1905-07-11	The Plague
1905-07-11	Theatre Regulations.
1905-07-11	Mosque for Paris
1905-07-11	An Absconding Clerk.
1905-07-11	Another Case of Embezzlement.
1905-07-11	Suspicious Death.
1905-07-12	Railway Accident. —
1905-07-12	The Brindisi Mail
1905-07-12	The Plague.—
1905-07-12	The Zizinia Theatre
1905-07-12	Beau-Rivage Hotel —
1905-07-12	Stray and Ownerless Dogs
1905-07-12	Suez Canal.—
1905-07-12	Salt and Soda Co.—
1905-07-12	Ice Plant for Alexandria.—
1905-07-12	San Stefano Casino.—
1905-07-12	Association des Courtiers en Marchandises.—
1905-07-13	Suakin Province.
1905-07-13	The Plague.
1905-07-13	Suicide.
1905-07-13	Suez Canal.
1905-07-13	Land Bank.
1905-07-13	Egyptian Investment and Agency, Ltd.
1905-07-13	The Mex Affair.
1905-07-13	St. Andrew’s Girls’ Lower School.
1905-07-13	Cairo Tramways.
1905-07-14	STRAY AND Ownerless DOGS
1905-07-14	Bubonic PLAGUE.
1905-07-14	ACCIDENT TO A SAILOR.
1905-07-14	Lifonti’s MUSIC-STORES
1905-07-14	SUEZ CANAL.
1905-07-14	FIRE.
1905-07-14	ALHAMBRA THEATRE.
1905-07-14	SAN STEFANO CASINO.
1905-07-14	THE DEYROUT THEFT.
1905-07-14	ST. MARK’S CHURCH CLOSED FOR RESTORATION.
1905-07-14	A RAILWAY GRIEVANCE.
1905-07-14	M. Leon Fehmy AND Orphi PASHA.
1905-07-15	The Plague.—
1905-07-15	Suez Canal.—
1905-07-15	Small Dance.—
1905-07-15	Brave Rescue.—
1905-07-15	“Bringing Coals to Newcastle.” —
1905-07-15	Coal Imports.—
1905-07-15	A New Consulate. —
1905-07-15	Alhambra.—
1905-07-15	Gramophone Concert.—
1905-07-15	To-morrow’s Church Services.—
1905-07-15	Electric Tramways for Khartoum.—
1905-07-24	ROTATIONS
1905-07-24	STRAY AND OWNERLESS DOGS
1905-07-24	SANITARY DEPT
1905-07-24	SUEZCANAL
1905-07-24	BRUTAL ATTACK
1905-07-24	THE FIRE
1905-07-24	CURIOUS ACCIDENT
1905-07-24	INTERNATIONAL TYPOGRAPHICAL LEAGUE
1905-07-24	DEBTOR AND CREDITOR
1905-07-24	RABID DOGS
1905-07-24	FIRE AT KAFR-EL-ZAYAT
1905-07-24	CATTLE PLAGUE
1905-07-24	CLAIM FOR LOSS
1905-07-24	BUBONIC PLAGUE
1905-07-24	SAN STEFAN CASINO
1905-07-25	THE PLAGUE
1905-07-25	HASHISH SEIZED
1905-07-25	MINISTRY OF THE INTERIOR
1905-07-25	SAILOR HURT
1905-07-25	FALL FORM A TRAM
1905-07-25	STRAY AND OWNERLESS DOGS
1905-07-25	AFFRAY IN HAMAMIL-STREET
1905-07-25	NATIONAL BANK
1905-07-25	SAINT CATHERINE’S COLLEGE, ALEXANDRIA
1905-07-25	A MEMORIAL SERVICE
1905-07-25	A RARE KORAN
1905-07-25	ALHAMBRA THEATER
1905-07-26	THE BRINDISI MAIL
1905-07-26	STRAY AND OWNERLESS DOGS
1905-07-26	NEW WAY OF PAYING OLD DEBTS
1905-07-26	SUEZ CANAL
1905-07-26	THE PLAGUE
1905-07-26	CAIRO TRAMWAYS
1905-07-26	MR. LYNN’S CASE
1905-07-26	ROYAL BERKS
1905-07-26	ST. ANDREW’S GIRLS’ UPPER SCHOOL
1905-07-27	CAB ACCIDENT
1905-07-27	STRAY AND OWNERLESS DOGS
1905-07-27	RESULTS OF IMPRUDENCE
1905-07-27	PICKPOCKET CAUGHT
1905-07-27	SUEZ CANAL
1905-07-27	FIRE AT MANSOURAH
1905-07-27	THE PLAGUE
1905-07-27	SUPPRESSION OF SLAVERY
1905-07-27	KHEDIVE’S BIRTHDAY RECEPTION
1905-07-27	ALHAMBRE THEATRE
1905-07-27	THE RESULTS OF HASHISH
1905-07-27	BRITISH CHAMBER OF COMMERCE
1905-07-28	THE PLAGUE
1905-07-28	STRAY AND OWNERLESS DOGS
1905-07-28	SUEZ CANAL
1905-07-28	THE MURDER OF M. GEROSA
1905-07-28	ADULTERATION PUNISHED
1905-07-28	THE CAIRO TRAMWAYS COMPANY
1905-07-28	CHURCH OF SCOTLAND SCHOOLS
1905-07-29	CATTLE PLAGUE
1905-07-29	FIRE
1905-07-29	THE PLAGUE
1905-07-29	PAINFUL DISCOVERY
1905-07-29	FATAL FALL
1905-07-29	THE THEFT FROM THE S.S. ASSOUAN
1905-07-29	SUEZ CANAL
1905-07-29	ALHAMBRA THEATRE
1905-07-29	COAL IMPORTS
1905-07-29	A RECALCITRANT FATHER
1905-07-29	ANOTHER EGYPTIAN ARRESTED IN SYRIA
1905-08-07	CHILD EXPOSED
1905-08-07	HASHISH SEIZED AT CARIO
1905-08-07	STARY AND OWNERLESS DOGS
1905-08-07	SUEZ CANAL
1905-08-07	SINAI PENINSULA
1905-08-07	ARMY BEER CONTRACT
1905-08-07	DROWNING FATALITY
1905-08-07	ALHAMBRA THEATER
1905-08-07	BRAWL IN A CAFE
1905-08-07	THE PLAUGE
1905-08-07	MESSIEURS. WALKER AND MEIMARACHI, LTD.
1905-08-10	FATAL SCORPION
1905-08-10	STREET ACCIDENT
1905-08-10	OFFICRS FROM THE YEMEN
1905-08-10	NEW HARBOUR PASS
1905-08-10	FOOLISH LENIENCY
1905-08-10	ITALIAN DROWNED.
1905-08-10	SUEZ CANAL
1905-08-10	CLAIM JUMPERS BEWARE
1905-08-10	THE PLAUGE
1905-08-10	SANITARY DEPARTMENT
1905-08-10	A NATIVE QUARREL
1905-08-10	ST. MARK'S CHURCH
1905-08-10	CARIO POLICE SCHOOL
1905-08-10	COPTIC CONVERTS
1905-08-10	AFFRAY NEAR THE CUSTOM HOUSE
1905-08-21	Stray and Ownerless Dogs
1905-08-21	Sale of Land
1905-08-21	A Charitable Gift
1905-08-21	Suez Canal
1905-08-21	San Stefano Casino
1905-08-21	Fayoum Liqht Railways
1905-08-21	Coal Imports
1905-08-21	The Cotton-Worm
1905-08-21	Brutal Assault
1905-08-21	Attempted Suicide
1905-08-21	Killed by a Mule
1905-08-21	Cattle Plaque
1905-08-21	Tram Accident
1905-08-21	Bubonic Plague
1905-08-22	Quarantine
1905-08-22	Greek Philharmonic Society
1905-08-22	Delta Barrage
1905-08-22	The Post Office at Sennar
1905-08-22	Commercial Treaties
1905-08-22	The Plague
1905-08-22	Suez Canal
1905-08-22	Injured by a Buffalo
1905-08-22	A Brutal Husband
1905-08-22	Killed by Scorpions
1905-08-22	Injured at Play
1905-08-22	Attempted Murder
1905-08-22	The Sarkis Affair
1905-08-22	The Alhambra Theatre
1905-08-22	Hashish Seizures
1905-08-22	Tne Liege Exhibition
1905-08-22	British Chamber of Commerce
1905-08-23	Stray and Ownerless Dogs
1905-08-23	The Plague
1905-08-23	Fayoum Normal School
1905-08-23	Cotton-Worm Duty
1905-08-23	Suez Canal
1905-08-23	Accident to a, Sais
1905-08-23	Suicide in the Labban Quarter
1905-08-23	Attacked by Bedouins
1905-08-23	Sudden Death
1905-08-23	Theft by a Servant
1905-08-23	San Stepano Casino
1905-08-23	Technical Schools
1905-08-23	Egypt and the Sudan Parcel Post
1905-08-23	Licensing op Advocates
1905-08-24	The Plague
1905-08-24	Suez Canal
1905-08-24	Cart Accident
1905-08-24	Sudan Storm
1905-08-24	Interesting Discovery
1905-08-24	A Child Killed
1905-08-24	Zaoazio to Zifxa
1905-08-24	Killed by a Tram
1905-08-24	London Stock Exchange
1905-08-24	Grand Crown Casino
1905-08-24	The Turkish Police
1905-08-24	Crime at Kafr el Zayat
1905-08-25	Stray and Ownerless Dogs
1905-08-25	Undesirables Expelled
1905-08-25	The Plague
1905-08-25	Accident on a Building
1905-08-25	Smugglers Arrested
1905-08-25	Suez Canal
1905-08-25	The Lighting of Cairo
1905-08-25	ARMY of Occupation
1905-08-25	Robbed in the Train
1905-08-25	Human Bones Discovered
1905-08-25	Nouveautes Theatere
1905-08-25	San Stefano Casino
1905-08-25	First aid to the Injured
1905-08-25	The Cutting of the Khalig
1905-08-26	The Plaque.
1905-08-26	Stray and Ownerless Dogs
1905-08-26	Theft from a Ship
1905-08-26	Fire at Akiimin
1905-08-26	The Solar Eclipse
1905-08-26	Alhambra Theatre
1905-08-26	The Brindisi Mail
1905-08-26	Suez Canal
1905-08-26	Coal Imports
1905-08-26	The Baliana Murders
1905-08-26	Delta Liqht Railways
1905-08-28	Stray and Ownerless Dogs
1905-08-28	Suez Canal.
1905-08-28	Fire in Alexandria
1905-08-28	Cairo Station Telegraph Office.
1905-08-28	Rice Mills at Alexandria.
1905-08-28	Cattle Plague.
1905-08-28	San Stefano Casino.
1905-08-28	Daira Sanieh.
1905-08-28	Bubonic Plague.
1905-08-28	Extraordinary Charge Dismissed.
1905-08-28	British Chamber of Commerce.
1905-08-29	Stray and Ownerless Dogs
1905-08-29	Furious Riding
1905-08-29	Suez Canal
1905-08-29	An Omdeh Murdered
1905-08-29	Train Fired at
1905-08-29	The Plague
1905-08-29	Egyptian Athletics
1905-08-29	Drowned in the Nile
1905-08-29	Theft at Fagallah
1905-08-29	Export of Syrian Cattle
1905-08-29	Secret Policeman Shot
1905-08-29	An Insistant Woman
1905-08-29	Khedivial Yacht Club
1905-08-29	Entries for the deep sea race
1905-08-30	PLAGUE CREDITS.
1905-08-30	SAN STEFANO CASINO.
1905-08-30	WOMAN SCALDED.
1905-08-30	THE PLAGUE.
1905-08-30	FAYOUM LIGHT RAILWAYS.
1905-08-30	GUN ACCIDENT.
1905-08-30	DROWNED IN THE HARBOUR
1905-08-30	SUEZ CANAL.
1905-08-30	THE WINDSOR HOTEL.
1905-08-30	ARMY OF OCCUPATION.
1905-08-30	INCIDENT ON THE QUAYS.
1905-08-30	A DRASTIC REMEDY.
1905-08-30	THE EL ROUEI AFFRAY.
1905-09-01	The Plague.
1905-09-01	Quarantine.
1905-09-01	Stray and Ownerless Dogs
1905-09-01	Suez Canal.
1905-09-01	Bodies in the Nile.
1905-09-01	The Weather at Alexandria.
1905-09-01	The El Rouei Affair.
1905-09-01	Blind Fiki Injured.
1905-09-01	Ibrahimieh Casino.
1905-09-01	THE FRENCH FETE.
1905-09-01	COLLAPSE OF A ROOF.
1905-09-01	SHOUBRA ENGLISH SCHOOL.
1905-09-01	THE STATE RAILWAYS.
1905-09-02	The Plague
1905-09-02	Cart Accident
1905-09-02	Corpse found at Mellaheh
1905-09-02	Suez Canal
1905-09-02	Coal Imports
1905-09-02	Imperial Institute
1905-09-02	Army of Occupation
1905-09-02	A Mad Horse ?
1905-09-02	Firework Accident
1905-09-02	The Reopening.of the Schools
1905-09-02	The Post Office.
1905-09-02	A Record of the Eclipse.
1905-09-04	Nile Valley Shares
1905-09-04	San Stefano Casiso
1905-09-04	Suez Canal
1905-09-04	Cholera in Europe
1905-09-04	Cattle Plaque
1905-09-04	Khedivial Agricultural Society
1905-09-04	Bubonic Plague
1905-09-05	The Plague
1905-09-05	Stray and Ownerless Dogs
1905-09-05	Editor in Trouble
1905-09-05	Train derailed
1905-09-05	"Reunion Des Familles" Society
1905-09-05	Lambs and Doves
1905-09-05	A Charitable Act
1905-09-05	Firework Bxplosion
1905-09-05	"L'Union Artistique Francais"
1905-09-05	The Pyramids
1905-09-05	British Chamber of Commerce
1905-09-06	The Brindisi Mail
1905-09-06	Suicide
1905-09-06	Fall from a Scaffold
1905-09-06	Shoubra Bridge
1905-09-06	Suez Canal
1905-09-06	The Cotton-Worm
1905-09-06	The Plaque
1905-09-06	Quarry Accident
1905-09-06	Postal Van Accident
1905-09-06	Strange Story
1905-09-06	“La Revue Internationale”
1905-09-06	San Stefano Casino
1905-09-06	A band of thieves
1905-09-07	The Plaque
1905-09-07	Child Discovered
1905-09-07	Stray and Ownerless Dogs
1905-09-07	Counterfeit Marks
1905-09-07	Ex-Empoye sentenced
1905-09-07	Suez canal
1905-09-07	Gambling Hell Raided
1905-09-07	The Legislative Council
1905-09-07	A Father’s Cruelty
1905-09-07	Departure of the Royal Berkshire regt
1905-09-07	Sudan Irrigation
1905-09-07	Harmful soap
1905-09-07	Delivery of Mails at Akhmin
1905-09-07	Fraudulent Broker
1905-09-08	Anniversary
1905-09-08	Stray and OWNERLESS Dogs
1905-09-08	Smuggler Arrested
1905-09-08	Fatal Affray
1905-09-08	The Recent Suicide
1905-09-08	Railway Accident
1905-09-08	Watch Stolen
1905-09-08	Fayoum Light Railways
1905-09-08	Notable Robbed
1905-09-08	The Esbekieh Theatre
1905-09-08	British Chamber of Commerce
1905-09-09	Sanitary Department
1905-09-09	FOUND DROWNED
1905-09-09	The Plague
1905-09-09	Cart Accident
1905-09-09	Stray and Ownerless Dogs
1905-09-09	Theft by a Moawkn
1905-09-09	Suez Canal
1905-09-09	The Brindisi Mail
1905-09-09	Theft at Cairo Station
1905-09-09	Quarrel
1905-09-09	Sanitary Inspection
1905-09-09	The Alhambra Theatre
1905-09-09	Sax Stefano Casino
1905-09-09	Alexandria Tramways
1905-09-09	British Chamber of Commerce
1905-09-18	Drowned in the Canal
1905-09-18	The Prisons Department
1905-09-18	Sanitary Department
1905-09-18	Another Bathing Fatality
1905-09-18	Suez Canal
1905-09-18	Coal Imports
1905-09-18	Fire in the Labban Quarter
1905-09-18	Body Recovered After Two Weeks
1905-09-18	Soldiers’ Club
1905-09-18	The Bubonic Plague
1905-09-18	An Infant Found Drowned
1905-09-18	A New Geography
1905-09-18	Leave of Absence
1905-09-18	For the Calabrian Sufferers
1905-09-19	San Stefano Casino
1905-09-19	The Egyptian Directory,
1905-09-19	Stray and Ownerless Dogs
1905-09-19	Asile Rudolph
1905-09-19	Suez Canal
1905-09-19	Rumoured Cotton Press Strike
1905-09-19	The Italian Fete
1905-09-19	The British Association
1905-09-19	The Earthquake in Calabria
1905-09-20	The Plague
1905-09-20	Seizure of Gunpowder
1905-09-20	Stray and Ownerless Dogs
1905-09-20	The Giraffe for the Sultan.
1905-09-20	The El Rouei Affair
1905-09-20	Suez Canal
1905-09-20	Tram Accident
1905-09-20	Theft on a Steamer
1905-09-20	Boy Found Buried in a Cotton Field
1905-09-20	The Ibrahimieh Casino
1905-09-20	Italian National Fete
1905-09-20	British Chamber of Commerce
1905-09-21	The Plague
1905-09-21	Sale of Land
1905-09-21	Stray and Ownerless Dogs
1905-09-21	Suez Canal
1905-09-21	The Railways Administration
1905-09-21	San Stefano Casino
1905-09-21	Sudan Government Transfers
1905-09-21	Ministry of Finance
1905-09-21	For the Calabrian Sufferers
1905-09-21	Société Réunion des Familles
1905-09-22	The Plague
1905-09-22	Fair Suppressed
1905-09-22	Stray and Ownerless Dogs
1905-09-22	Suez Canal
1905-09-22	Cairo Improvements
1905-09-22	The Eden Theatre
1905-09-22	A Gun Accident
1905-09-22	Helouan
1905-09-22	Immigration to the Sudan
1905-09-22	Winch Accidents
1905-09-22	The Ghezireh Charity Sale
1905-09-23	All Saints’ Church, Cairo
1905-09-23	Suez Canal
1905-09-23	The Brindisi Mail
1905-09-23	Stray and Ownerless Dogs
1905-09-23	Coal Imports
1905-09-23	The Egyptian Directory
1905-09-23	Alhambra Theatre
1905-09-23	A Scoundrel Arrested
1905-09-23	The Pyramids Theatre
1905-09-23	Freres Des Ecoles Chretiennes
1905-09-25	Alexandria Municipality
1905-09-25	Suez Canal
1905-09-25	Bovine Typhus
1905-09-25	St. Mary Schools, Cairo
1905-09-25	A New Award
1905-09-25	Bubonic Plague
1905-09-25	The Great Earthquake in Calabria
1905-09-26	A Smuggler Arrested
1905-09-26	The Bank ok Athens
1905-09-26	Suez Canal
1905-09-26	Child Burnt to Death
1905-09-26	A Gambler’s End
1905-09-26	Cholera in Russia
1905-09-26	Fatal Bathing Accident
1905-09-26	Army Arabic Examination
1905-09-26	Fall from a Roof
1905-09-26	Troops for Egypt
1905-09-26	For the Calabrian Victims
1905-09-26	Esbekieh Gardens Theatre
1905-09-27	The Val de Travers Asphalt Company
1905-09-27	The State Railways
1905-09-27	Cairo Medical School
1905-09-27	Heavy Rains in the Sudan
1905-09-27	The Ramleh Season
1905-09-27	Another Steamer Theft
1905-09-27	San Steyano Casino
1905-09-27	The Alcazar Parisien
1905-09-27	The Coming Season
1905-09-28	All Saint’s Church, Cairo
1905-09-28	Church of Scotland Schools
1905-09-28	Port Sudan
1905-09-28	San Stefano Casino
1905-09-28	Suicide of an Officer
1905-09-28	To aid the Calabrians
1905-09-28	Anglo-Egyptian Bank
1905-09-28	New Military Buildings in Cairo
1905-09-28	British Chamber of Commerce
1905-09-30	Want of Space
1905-09-30	Quarantine
1905-09-30	The Greek Colony
1905-09-30	Alexandria and Ramleh Railway Co
1905-09-30	The Alhambra Theatre
1905-09-30	The Brindisi Mail
1905-09-30	Suez Canal
1905-09-30	Coal Imports
1905-09-30	Akhmin Greek Catholics
1905-09-30	A Few Facts
1905-09-30	Fatal Fire at Gabbari
1905-09-30	San Stefano Casino
1905-10-02	Bubonic Plague
1905-10-02	FreemasonRY in
1905-10-02	Kaiser Asile Wilhelm
1905-10-02	Maltese National Band
1905-10-02	British Chamber of Commerce.
1905-10-02	A Kidnapping Case.
1905-10-03	ESBEKIEH GARDENS.
1905-10-03	Concert at Kasr En-Nil
1905-10-03	The Charity Fete At Ghezireh
1905-10-03	Crown Casino Iorahimieh
1905-10-03	Pro Calabria.
1905-10-04	Gold for
1905-10-04	The Sucreries.
1905-10-04	The Bank or  Ltd
1905-10-04	COUNCIL OF MINISters.
1905-10-04	Sudan Government.
1905-10-04	The Cattle Plaque
1905-10-04	ESBEKIEH GARDENS Theatre.
1905-10-06	Ministry of Public Instruction
1905-10-06	New School Opened
1905-10-06	A Pit Accident
1905-10-06	Hedjaz Railway
1905-10-06	Church Missionary Society
1905-10-06	Pro Calabria
1905-10-06	British Chamber of Commerce
1905-10-06	Horrible Murder Near Tahta
1905-10-06	Unrequited Love Results in Murder
1905-10-06	QUARANTINE STATIONS.
1905-10-06	NEW BUILDING FOR TOR.
1905-10-06	MR. DAVID LONGWORTH.
1905-10-06	THE NILE FLOOD.
1905-10-06	NEW BANK FOR EGYPT.
1905-10-06	THE YEMEN REBELS.
1905-10-06	SAN STEFANO CASINO.
1905-10-06	STEAMER MOVEMENTS.
1905-10-06	KASSASSIN COLLISION.
1905-10-06	ENGINE DRIVER RESPONSIBLE.
1905-10-06	PRINCE BUELOW’S INTERVIEW.
1905-10-06	RUMOURED GOLD DISCOVERY.
1905-10-07	The Bank of Abyssinia
1905-10-07	Coal Imports
1905-10-07	Found drowned
1905-10-07	New Ottoman Medal
1905-10-07	Burnt to Death
1905-10-07	Alhambra Theatre
1905-10-07	Affray at Menshieh
1905-10-07	San Stefano Casino
1905-10-07	A Painful Death
1905-10-16	Suez Canal
1905-10-16	Cart Accident
1905-10-16	Slavery Department
1905-10-16	Nile Valleys.
1905-10-16	Bubonic Plaque.
1905-10-16	Greek Condemned to Death.
1905-10-16	Woman Burnt to Death.
1905-10-16	Sudanese Drowned.
1905-10-16	An Ottoman Debt
1905-10-16	6.P.O. Important Notice
1905-10-16	British Chamber of Commerce
1905-10-18	THE BRINDISI MAIL
1905-10-18	STRAY DOGS
1905-10-18	ARMY SCHOOLS
1905-10-18	"REUNION RAMLISTE"
1905-10-18	BRITISH CHAMBER OF COMMERCE
1905-10-18	EXCITING OCCURRENCE AT KASR EL NIL
1905-10-18	TRAGIC FALL FROM A WINDOW
1905-10-18	"OLD MOORE and Egypt
1905-10-20	THE BRINDISI MAIL
1905-10-20	THE PLAGUE
1905-10-20	Suez Canal
1905-10-20	STRAY Dogs.
1905-10-20	ARMY OF Occupation
1905-10-20	MAN OVERWHELMED
1905-10-20	The MAIEH SANIEH
1905-10-20	CAPTURE OF SHARK
1905-10-20	ANARCHIST ARRESTED
1905-10-20	WORKMEN ENTOMBED
1905-10-20	TRAM ACCIDENT
1905-10-21	Suez Canal.
1905-10-21	MR. A. E. Shellard,
1905-10-21	Theatre.
1905-10-23	A Foundling
1905-10-23	Suez Canal
1905-10-23	Stray Dogs
1905-10-23	Fire
1905-10-23	Sanitary Department
1905-10-23	KASR EL AINI HOSPITAL
1905-10-23	Royal Berks
1905-10-23	The Ramadan New Moon
1905-10-23	BATHING IN THE NILE
1905-10-23	Egyptian Trust and Investment, Limited
1905-10-23	Freemasonry
1905-10-23	Nile Trips for Residents
1905-10-24	Stray Dogs.
1905-10-24	Smallpox
1905-10-24	Railway Coal Contract
1905-10-24	Egyptian Army Review
1905-10-24	Popular University
1905-10-24
1905-10-24	Mysterious Affair
1905-10-25	The Brindisi Mail
1905-10-25
1905-10-25	Stray Dogs
1905-10-25	Van Accident
1905-10-25	Motor Accident
1905-10-25	Standard Life Assurance Company
1905-10-25	ARMY Medical Inspection
1905-10-25	Alhambra Theatre
1905-10-25	Rumoured Arrest op Jewellers
1905-10-25	Murder at Samatai
1905-10-25	Bride Disappears
1905-10-27	SUEZ CANAL
1905-10-27	Old Daira Sanieh Offices
1905-10-27	Thief Killed
1905-10-27	The Train de Luxe
1905-10-27	A Fatal Window
1905-10-27	Don Muzzling Order
1905-10-27	Freemasonry
1905-10-28	Stray Dogs
1905-10-28	Austrian Lloyd
1905-10-28	Coal Imports
1905-10-28	ARMY Schools Inspection
1905-10-28	ALHAMBRA THEATRE
1905-10-28	Alexandria Tramways
1905-10-28	“Orient and Occident."
1905-10-28	Wedding Party Attacked
1905-10-30	The Pilgrimage
1905-10-30	Boy Drowned
1905-10-30	Stray Dogs
1905-10-30	The Cairo Chrysanthemum Show
1905-10-30	Egyptian Army Examination
1905-10-30	Butchers’ Strike
1905-10-30	A Ramadan Poem.
1905-11-03	The Brindisi Mail
1905-11-03	Jumble Sale
1905-11-03	Khedivial Opera House
1905-11-03	A Fire
1905-11-03	An Absconding Servant
1905-11-03	Beyram Holidays
1905-11-03	Mohamed Aly Memorial service
1905-11-03	American Mission
1905-11-03	A Terrible Accident
1905-11-03	Cattle Stealing
1905-11-03	Officials’ Debts
1905-11-03	The Khedivial Society of Medicine
1905-11-03	Conflagration at a Station
1905-11-03	Y. W. C. A
1905-11-04	All Saints’, Cairo
1905-11-04
1905-11-04	Reunion des Familles
1905-11-04	The Anglo-Egyptian Land Allotment Co.
1905-11-04	Irrigation Department
1905-11-04	Murder at Cairo
1905-11-04	Our Commercial Review
1905-11-04	Coal Imports
1905-11-04	Alexandria Pickpocket Case
1905-11-04	A Record
1905-11-04	The Union Artistique Francaise
1905-11-04	Alhambra Theatre
1905-11-06	Quarantine in Malta.
1905-11-06	Suez Canal.
1905-11-06	Cairo Mixed Court.
1905-11-06	False Jewellery.
1905-11-06	Native Benevolence.
1905-11-06	New Doctors.
1905-11-06	Union Fonciered’Egypte.
1905-11-06	A. L M. & D. S.
1905-11-06	Revue Internationale D'Egypte
1905-11-06	Mysterious Murder
1905-11-07	Um Rus Gold Mines of Egypt.
1905-11-07	Execution.
1905-11-07	Theft in a Gouvernorat.
1905-11-07	The “Egyptian Graphic."
1905-11-07	New Judges.
1905-11-07	Egyptian Land & General Trust.
1905-11-07	Seven at a Birth.
1905-11-07	Thefts at Alexandria
1905-11-07	Woman Strangled.
1905-11-07	Y.W.C.A., Cairo.
1905-11-08	The Brindisi Mail
1905-11-08	Quarantine in Italy.
1905-11-08	Stray and Ownerless Dogs
1905-11-08	Greek Immigration.
1905-11-08	Veterinary College
1905-11-08	The Egyptian Institute
1905-11-08	Alhamrba Theatre.
1905-11-08	Fatality
1905-11-08	London Stock Exchange
1905-11-08	Zizinia Theatre
1905-11-08	Kasr el Nil.
1905-11-08	King’s Birthday.
1905-11-08	New Khedivial Hotel
1905-11-08	British Chamber or Commerce.
1905-11-08	Walker A Meimarchi
1905-11-08	New British Club.
1905-11-09	Cairo-Alesandria Navigation
1905-11-09	Survey Department
1905-11-09	New Doctors
1905-11-09	The Pilgrimage.
1905-11-09	The Late Grand Mufti.
1905-11-09	Suez Canal.
1905-11-09	Salt & Soda Co., Ltd.
1905-11-09	Canal Cleaning.
1905-11-09	Railway Fatality.
1905-11-09	Cairo ‘ Zoo.”
1905-11-09	Affray with Robbers.
1905-11-09	The Recruiting Department.
1905-11-13	Harmonia Club.
1905-11-13	Khedive's Accession Fete.
1905-11-13	Dragoman Tariff.
1905-11-13	Land and Mortgage Co. of Egypt (Ltd.)
1905-11-13	Killed by a Buffalo.
1905-11-13	Egyptian Estates, Limited.
1905-11-13	Suez Canal.
1905-11-13	Nile Valley Operations.
1905-11-13	Ministry of The Interior.
1905-11-13	Gaolbird Captured.
1905-11-13	Village Murder.
1905-11-13	Royal Anniversary.
1905-11-13	Credit Franco-Egyptien.
1905-11-13	Khedivial Geographical Society
1905-11-14	Alhambra Theatre.
1905-11-14	Dog Regulations.
1905-11-14	No Executions.
1905-11-14	Stray Dogs.
1905-11-14	New Doctors.
1905-11-14	Cairo Scientific Society.
1905-11-14	New Police School.
1905-11-14	A Thief Killed.
1905-11-14	Stock Exchange.
1905-11-14	Quarantine Board.
1905-11-14	A. L. M. and D. S.
1905-11-14	Murder of a Nephew.
1905-11-14	Commercial Bureau.
1905-11-15	The Brindisi Mail.
1905-11-15	Stray Dogs.
1905-11-15	Asphalting in Cairo.
1905-11-15	Fatal Tram Accident
1905-11-15	British Manufacturers’ Exhibition.
1905-11-15	Fire on Ship.
1905-11-15	Murder st Tantah.
1905-11-15	Suez Canal.
1905-11-15	Fikis at Alexandria.
1905-11-15	Journalists Imprisoned.
1905-11-15	El Dorado.
1905-11-15	Scorpions at Keneh.
1905-11-15	Shepheard's Hotel.
1905-11-15	Relieving his Conscience.
1905-11-15	Nile Trip.
1905-11-15	Burnt to Death.
1905-11-16	Beau Rivage.
1905-11-16	Stray Dogs.
1905-11-16	The Pilgrimage.
1905-11-16	Slave Emancipation.
1905-11-16	Aboukir Company.
1905-11-16	EGYPTIAN ARMY.
1905-11-16	A Change of Religion.
1905-11-16	Ports and Lighthouses Administration.
1905-11-16	Mixed Appeal Court.
1905-11-16	Suez Canal.
1905-11-16	Rosetta Municipality.
1905-11-16	German Excavations.
1905-11-16	Sudan Mines.
1905-11-16	Cairo Tramways.
1905-11-16	Electric Wire Falls.
1905-11-16	Kuttabs.
1905-11-16	Coastguard Administration,
1905-11-16	A Sad Case.
1905-11-16	Amateur Theatricals in Cairo.
1905-11-16	A. L. M. & D. S.
1905-11-17	The Brindisi Mail.
1905-11-17	New Cairo Hotel.
1905-11-17	Aid for Russia.
1905-11-17	Native Tribunals.
1905-11-17	A Hashish Find.
1905-11-17	Quarantine.
1905-11-17	Stray Dogs.
1905-11-17	Theft at Ghizeh.
1905-11-17	Killed by a Tram
1905-11-17	National Hotel.
1905-11-17	The Egyptian Gazette’s
1905-11-17	Suez Canal.
1905-11-17	Transport.
1905-11-17	French Chamber of Commerce.
1905-11-17	Mysterious Murder at Dishna.
1905-11-17	Sudan Mines.
1905-11-17	Leilet-el-Kadr.
1905-11-17	Bracale Sextet.
1905-11-17	A Collection of Autographs.
1905-11-17	Tantah Municipality.
1905-11-18	Quarantine.
1905-11-18	H.H.S. Aida.
1905-11-18	Wakfs Administration.
1905-11-18	Stray Dogs.
1905-11-18	England in Egypt.
1905-11-18	Suez Canal.
1905-11-18	Cairo Brokers.
1905-11-18	Discovery of Coins.
1905-11-18	Coal Imports.
1905-11-18	"Orient and Occident.”
1905-11-20	Helouan.
1905-11-20	Khedive’s Accession Fetes.
1905-11-20	Hospital at Port Said.
1905-11-20	Port of Alexandria.
1905-11-20	All Saints’ Charities.
1905-11-20	Satvini at the Zizinia.
1905-11-20	Walker & Meimarachi, Ltd.
1905-11-20	Bank of Athens.
1905-11-20	A "Converted" Jew.
1905-11-21	Khedivial Club, Alexandria.
1905-11-21	In Aid of Russian Victims.
1905-11-21	Crushed to Death.
1905-11-21	Infirmary at Alexandria.
1905-11-21	Provincial Slaughterhouses.
1905-11-21	Fire on Ship.
1905-11-21	Hellenic Philanthropy.
1905-11-21	Salt and Soda Company.
1905-11-21	Fraudulent Bankruptcy.
1905-11-21	Public Debt Commission.
1905-11-21	The Mahmal Theft.
1905-11-21	Stray Dogs.
1905-11-21	Suez Canal.
1905-11-21	Bank-Note Forgery.
1905-11-21	Sailors’ Rest at Port Said.
1905-11-21	Sudden Death.
1905-11-21	Public Health Department.
1905-11-21	Feline Rabies.
1905-11-21	Delta Land.
1905-11-21	El Malagi El Abbassieh.
1905-11-22	Yacht in Harbour.
1905-11-22	The Season.
1905-11-22	Cairo Hotel.
1905-11-22	Pilgrims’ Telegrams.
1905-11-22	The Reunion des Families
1905-11-22	Railway and Press.
1905-11-22	Beyram.
1905-11-22	Pilgrim Inspection.
1905-11-22	Inspection of Tribunals.
1905-11-22	Austro-Hungarian Agency.
1905-11-22	Walker & Meimarachi.
1905-11-22	Mehkemeh Sharieh Clerks.
1905-11-22	Tantah Municipality.
1905-11-22	Suez Canal.
1905-11-22	Conservatoire of Music.
1905-11-22	The Egyptian Plough.
1905-11-22	Egyptian Improvements.
1905-11-22	Amateur Dramatists in Egypt.
1905-11-23	New Silver Coins.
1905-11-23	Abbassi Madhouse.
1905-11-23	Amateur Theatricals.
1905-11-23	Quarantine.
1905-11-23	Luxor-Assouan Line.
1905-11-23	Fall from a Roof.
1905-11-23	The Khanka Asylum.
1905-11-23	Behram.
1905-11-23	Suez Canal.
1905-11-23	British Consular Court.
1905-11-23	“Our Sudan.”
1905-11-23	Fire in Cario.
1905-11-23	The Reward of Virtue.
1905-11-23	Charity Performance.
1905-11-23	Egyptian Money Market.
1905-11-23	The Pisano Case.
1905-11-23	A. L. M. & D. S.
1905-11-24	Tourists.
1905-11-24	The Brindisi Mail.
1905-11-24	Legislative Council.
1905-11-24	Wakfs Administration.
1905-11-24	Gambling Hall Raid.
1905-11-24	Fatal Accident.
1905-11-24	Suez Canal.
1905-11-24	Credit Lyonnais.
1905-11-24	Fatira Company.
1905-11-24	Union Fonciere.
1905-11-24	Copts and the Railways.
1905-11-24	Tuberculosis in Egypt.
1905-11-24	Cairo Season.
1905-11-25	Khedivial Accession Fetes.
1905-11-25	New Khedivial Palace.
1905-11-25	Erratum.
1905-11-25	Suez Canal.
1905-11-25	Charity Performance.
1905-11-25	Egyptian Money Market.
1905-11-25	Coal Imports.
1905-11-25	American Diplomacy.
1905-11-25	Big Fee for Suez Canal.
1905-11-25	The Abbas Helmy Fire.
1905-11-25	Distinguished American Visit.
1905-11-25	Moslem Fete.
1905-11-25	A Princess as Guardian.
1905-11-27	Small Dance.
1905-11-27	Irrigation Department.
1905-11-27	Alhambra Theatre.
1905-11-27	Suez Canal.
1905-11-27	Egyptian Money Market.
1905-11-27	Cairo Hotels.
1905-11-27	Cakes and Divorce.
1905-11-27	Lottery Case.
1905-11-27	Charity Ball.
1905-11-29	Sheep-pox.
1905-11-29	Abyssinian Bank.
1905-11-29	Statistical Bureau.
1905-11-29	New Time-Table.
1905-11-29	The Mail.
1905-11-29	Pharmacies Inspectorate.
1905-11-29	The Opera Season.
1905-11-29	Moslem Benevolent Society.
1905-11-29	Lots Turcs.
1905-11-29	Wives Poison their Husband.
1905-11-29	British Warships.
1905-11-29	Staff Ride.
1905-11-29	Suez Canal.
1905-11-30	Banks in Egypt.
1905-11-30	Khedive's Accession Fete.
1905-11-30	Legislative Council.
1905-11-30	Cairo Police.
1905-11-30	Egyptian Institute.
1905-11-30	Concert.
1905-11-30	English-Arabic Vocabulary.
1905-11-30	Researched in Egypt.
1905-11-30	An Arabic Book on Dowries.
1905-12-01	The Mail.
1905-12-01	Ministry of Justice.
1905-12-01	Death from Intoxication.
1905-12-01	Queen's Birthday.
1905-12-01	French Operettas
1905-12-01	Suez Canal
1905-12-01	Found Drowned.
1905-12-01	Arrivals.
1905-12-01	New Commission House.
1905-12-01	Lucky Cotton Speculator.
1905-12-01	Post Office Notice.
1905-12-02	Ghezireh Palace Hotel,
1905-12-02	The Mahmal Guard.
1905-12-02	H.M.S. Carnarvon.
1905-12-02	Oxyrynchus.
1905-12-02	Suex Canal.
1905-12-02	Minet el Kamh Court.
1905-12-02	Coal Imports.
1905-12-02	Provincial Anglican Services.
1905-12-02	A.L.M. & D.S.
1905-12-02	New Khedivial Hotel.
1905-12-02	Cairo Tramway Co.
1905-12-11	Austro-Hungarian Benevolent Society.
1905-12-11	Public Health Dept.
1905-12-11	North German Lloyd.
1905-12-11	Twitterings.
1905-12-11	Concert.
1905-12-12	Red Sea Lighthouses.
1905-12-12	Quarantine in .
1905-12-12	Commercial Assessors.
1905-12-12	A. S. C.
1905-12-12	S. M. S. Stein:
1905-12-12	The S.S Sardinia.
1905-12-12	Small Danco.
1905-12-12	Bank of .
1905-12-12	"Il Tempo.”
1905-12-12	Khedivial Agricultural Society.
1905-12-12	Salt and Soda Co.
1905-12-12	Charity Performance.
1905-12-13	The Brindisi Mail.
1905-12-13	The Baltic Fleet.
1905-12-13	Hashish Seizures.
1905-12-13	Cairo Roads.
1905-12-13	Ottoman Medical Mission.
1905-12-13	The Mahmal.
1905-12-13	Cairo's Drains.
1905-12-13	Attempted Car Wrecking.
1905-12-13	The Ancona Court.
1905-12-13	Inspectors' Residences.
1905-12-13	Comptoir Financier-Commercials.
1905-12-13	The Desert of Sinai.
1905-12-13	A. L. M. and D. S.
1905-12-13	Transport.
1905-12-13	Cairo Amusements.
1905-12-13	Khedivial Club Dance.
1905-12-13	Orchestra for Cairo.
1905-12-13	Museum Catalogue.
1905-12-13	A Presentation.
1905-12-13	Egypt Exploration Fund.
1905-12-13	New Syrian Hospital.
1905-12-14	Conservatoire of Music.
1905-12-14	Khedive's Accession Fetes.
1905-12-14	American Mission.
1905-12-14	Kasr-el-Nil Bridge.
1905-12-14	Execution.
1905-12-14	National Hotel.
1905-12-14	Sanitary Dept.
1905-12-14	All Saints', Ramleh.
1905-12-15	The Brindisi Mail.
1905-12-15	Assouan Dam.
1905-12-15	New Maronite Cathedral.
1905-12-15	Calisthenics.
1905-12-15	Fayoum Water Power.
1905-12-15	New Sudd.
1905-12-15	Agency.
1905-12-15	European Robbed.
1905-12-15	Sale of Work.
1905-12-15	The New British Club.
1905-12-16	H. H. S. Aida.
1905-12-16	Supreme Consular Court.
1905-12-16	Cairo Offices.
1905-12-16	'Xmas Tree.
1905-12-16	New Streets at Menouf.
1905-12-16	Jailors Bribed.
1905-12-16	Coal Imports.
1905-12-16	Orchestra for Mena House.
1905-12-16	ARMY Lectures.
1905-12-16	Commercial Assessors.
1905-12-16	The Sphinx.
1905-12-16	Connaught House, Cairo.
1905-12-26	Benha Bridge.
1905-12-26	Sanitary Department
1905-12-26	Drinking the King's Health
1905-12-26	Egypt and Cyprus Mail Contract
1905-12-26	Back from .
1905-12-26	Egyptian Medical Papyri.
1905-12-26	Egyptian Ivory
1905-12-26	Eastern Telegraph
1905-12-26	A L. M. & D. S.
1905-12-26	The Cavalry, Journal.
1905-12-26	"Egyptian Rubber Concessions."
1905-12-26	The Shrager Bankruptcy.
1905-12-27	Khedives' Accession Fete
1905-12-27	Concert at Bulkeley.
1905-12-27	Supreme Consular Court.
1905-12-27	Execution in Cairo.
1905-12-27	Daira Sanish Bondholders.
1905-12-27	Fatal Jealousy.
1905-12-27	From the late "Notre Oncle."
1905-12-27	Maternity Home.
1905-12-27	A. L. M. & D. S.
1905-12-28	Khartoum-Kassala Road.
1905-12-28	A Foundling
1905-12-28	National Bank of Egypt
1905-12-28	Burned to Death.
1905-12-28	Fire in Cairo
1905-12-28	Mena House Case
1905-12-28	Railway Fatality
1905-12-28	International Chamber of Commerce
1905-12-28	Quadrille Dance Party
1905-12-28	A Good Scheme
1905-12-28	Union Artistique Francaise
1905-12-28	New British Club
1905-12-28	Appointment for Dr. Sandwith
1905-12-29	The Brindisi Mail.
1905-12-29	Death from Cold.
1905-12-29	Khedivial Sporting Club.
1905-12-29	Collision at Assouan.
1905-12-29	Egyptian Institute.
1905-12-29	Review of Egyptian Troops.
1905-12-29	Native Court.
1905-12-29	The Meteorological Service.
1905-12-29	Garrison Directory.
1905-12-29	African World Annual.
1905-12-30	Frost at Abbassieh.
1905-12-30	Diphtheria
1905-12-30	The Charlotte.
1905-12-30	The Mahmal.
1905-12-30	New Years Gifts.
1905-12-30	Buried Alive.
1905-12-30	All Saints, Cairo.
1905-12-30	Coal Imports.
1905-12-30	Military Tournament.
1905-12-30	Concert at Parish-Room, Bulkeley.
1905-12-30	The New Organ for St. George's.
1905-12-30	Merchant Seamen's Home.
1906-01-06	Greek Hospital
1906-01-06	Accession Day
1906-01-06	Merchant Seamen’s Home.
1906-01-06	St. Andrew's Church, Alexandria.
1906-01-06	Mena House Case.
1906-01-06	Poutrel-Davey Case.
1906-01-06	Cashier Sentenced.
1906-01-06	Change of Address,
1906-01-06	Pianoforte Recital.
1906-01-06	Financial Circular.
1906-01-06	Cairo Trotting Races.
1906-01-06	New Year’s Gifts
1906-01-06	Coal Imports.
1906-01-06	Caisse Hypothécaire.
1906-01-06	St. Mark's and All Saints'.
1906-01-06	Alhambra Theatre.
1906-01-06	Murders at Assiout.
1906-01-06	Children's Matinee.
1906-01-12	Egyptian Institute.
1906-01-12	Army Inspection.
1906-01-12	The Aboukir Mosque.
1906-01-12	National Hotel.
1906-01-12	Attempted Suicide.
1906-01-29	Mariout Diatrict.
1906-01-29	Stray Dogs.
1906-01-29	A New Departure.
1906-01-29	Hashish Seizure.
1906-01-29	The Weather.
1906-01-29	The Kaiser’s Birthday.
1906-01-29	Egyptian Directories.
1906-02-03	Legislative Council.
1906-02-03	"La Margherita.”
1906-02-03	Cairo Ghaffirs.
1906-02-03	Alexandria Arenolith Co.
1906-02-03	A New Company.
1906-02-03	Egypt and Bulgaria.
1906-02-03	Slave Trade.
1906-02-03	Accident to an Official.
1906-02-03	Coal Imports.
1906-02-03	Greek Schools.
1906-02-03	New Official Posts.
1906-02-03	American Mission.
1906-02-03	Professor Petrie's Lectures.
1906-02-03	To-morrow’s Services.
1906-02-03	The Future of the Sudan.
1906-05-07	The Plague.
1906-05-10	Cattle Plague.
1906-05-10	Sahara as a Winter Resort.
1906-05-10	Ras el Tin Barracks.
1906-05-10	Mining Royalties.
1906-05-10	Cairo Foundlings.
1906-05-10	Alexandria Popular University.
1906-05-10	Ministry of Justice.
1906-05-10	Russians at Port Said.
1906-05-10	"Poste Restante.”
1906-05-10	Accidents in Harbour.
1906-05-10	Universal Penny Post
1906-05-10	The Sudan Railway.
1906-05-10	Suicide.
1906-05-10	A Bankers' Bank Wanted.
1906-05-11	Union Artistique Française.
1906-05-11	Bible in Colloquial Arabic
1906-05-11	Government Officials Villas.
1906-05-11	Tax on Decorations.
1906-05-11	P.O. Savings Bank,
1906-05-11	P.W.D. Contracts.
1906-05-11	San Stefano Casino.
1906-05-11	"The Yachting Monthly.”
1906-05-11	Alexandria Horse Show.
1906-05-11	Concert at Shepheard’s.
1906-05-15	The Nile.
1906-05-15	Homicide.
1906-05-15	Popular University.
1906-05-15	French Consulate.
1906-05-15	A Brute.
1906-05-15	Nile Boat Sunk.
1906-05-15	Summary Courts.
1906-05-15	Mahmoudieh Canal.
1906-05-15	Interesting Lawsuit.
1906-05-15	Stock Exchange Notices.
1906-05-15	Alhambra Theatre.
1906-05-15	Practical Arabic.
1906-05-15	Egyptian in Trouble.
1906-05-15	An Alexandria Nuisance.
1906-05-16	Army of Occupation.
1906-05-16	The Brindisi Mail.
1906-05-16	Cattle Plague.
1906-05-16	Bubonic Plague.
1906-05-16	P.W.D. Contracts.
1906-05-16	British Chamber of Commerce.
1906-05-16	Wedding Guest Killed.
1906-05-16	Alexandria Horticultural Society.
1906-05-16	New Greek Church for Cairo.
1906-05-16	Saint Catherine's College.
1906-05-16	Camel's Fatal Bite.
1906-05-16	Sudan Trackers.
1906-05-17	A Youthful Suicide
1906-05-17	Wireless Telegraphy.
1906-05-17	The Plague.
1906-05-17	Alexandria Customs.
1906-05-17	Egyptian Army.
1906-05-17	£70,000 To Fight Mosquitoes.
1906-05-17	Murder of a Nephew.
1906-05-17	The Season at Ramleh.
1906-05-17	Mr. Morgan's Smile.
1906-05-17	An Apprehensive Milkman.
1906-05-18	The Brindisi Mail.
1906-05-18	Franco-Italian Festival.
1906-05-18	Victoria College.
1906-05-18	Alhambra Theatre.
1906-05-18	College des Freres.
1906-05-18	New Quay Lands.
1906-05-18	Trotting Races.
1906-05-18	Egyptian Cigarettes in Germany.
1906-05-18	Mehkemeh Sharieh
1906-05-18	Property Deal.
1906-05-18	Fire at Alexandria.
1906-05-18	Topaz Island.
1906-05-18	Sudan Rubber.
1906-05-18	The Egyptian Cantar.
1906-05-19	Cairo Bourse.
1906-05-19	Suez Canal Company.
1906-05-19	Coal Imports.
1906-05-19	Le Quartorze Juillet.
1906-05-19	An Assouan Case.
1906-05-19	Rudolph Home.
1906-05-19	St. George's Church.
1906-05-19	Alhambra.
1906-05-19	The "Epargne Immobiliers" Co.
1906-05-19	Female Diplomacy.
1906-05-19	French Consular Court.
1906-05-19	Another New Company.
1906-05-19	Syrians at San Francisco.
1906-05-19	Freemasonry.
1906-05-19	A. L. M. & D. S.
1906-05-19	A Bedouin Fight.
1906-05-19	Calf Love Leads to Suicide.
1906-06-30	Hackmeyer Orchestra.
1906-06-30	Coal Imports
1906-06-30	A.S.C.
1906-06-30	Stabbing Affray.
1906-06-30	The Plague.
1906-06-30	Tramway Accident.
1906-06-30	Cairo Law School.
1906-06-30	Turkish Telegraphs.
1906-06-30	Cobra Bite.
1906-06-30	Alhambra Theatre.
1906-08-20	franco-Egyptian Convention.
1906-08-20	Brute In Human Shape.
1906-08-20	Beyrout Family of Nine Drowned.
1906-08-20	New Quay Estate.
1906-08-20	A Forger.
1906-08-20	San Stefano Casino.
1906-08-20	A Local Composer.
1906-08-20	Cairo Motor Accident
1906-08-20	Armenian Lawlessness.
1906-08-20	Taximeters for Alexandria.
1906-08-21	Sultan's Accession Day.
1906-08-21	Egyptian Mining.
1906-08-21	Quarantine.
1906-08-21	The Plague.
1906-08-21	San 8tefano Casino.
1906-08-21	Decrease in Cotton Worm.
1906-08-21	A Sheikh Drowned.
1906-08-21	American Oil for Egypt.
1906-08-21	San 8tefano Theatre.
1906-08-21	Free Surgery.
1906-08-21	The Ulema Board.
1906-08-21	Foum el Khalig.
1906-08-21	Forgery.
1906-08-21	The Russian Fetes.
1906-08-21	Duel between natives.
1906-08-21	Employment Registry.
1906-08-24	New Kuttabs
1906-08-24	Bank of Abyssinia.
1906-08-24	Police Recalled.
1906-08-24	San Stefano Theatre.
1906-08-24	Wife Murder.
1906-08-24	“Al Lewa" in English.
1906-08-24	The Silly Season.
1906-08-24	New Portuguese Judge.
1906-08-24	Escape from Transport
1906-08-24	Fatal Tram Accldents.
1906-08-24	Purification of Alexandria.
1906-08-24	Alexandria Tramways.
1906-08-24	The Plague.
1906-08-24	A Precocious Youth.
1906-08-24	The Wages of Sin
1906-08-24	Bribery In Minleh Prison.
1906-08-28	Horses for the Army.
1906-08-28	French Garden.
1906-08-28	The Osmaileh.
1906-08-28	Public Health Department.
1906-08-28	Diphtheria Outbreak.
1906-08-28	Quarantine.
1906-08-28	Beyrout Exhibition.
1906-08-28	Family Poisoned.
1906-08-28	Nile Fatality.
1906-08-28	Beyrout-Damasous Railway.
1906-08-28	Murder In Cairo.
1906-08-28	Suicide at Chizeh.
1906-08-28	Fatal Quarrel.
1906-08-28	Fire Launch for Cairo.
1906-08-28	For the Hodjaz Railway.
1906-08-28	A Native s Benefactions.
1906-08-28	Concert.
1906-08-28	Ferocious Brutality
1906-08-28	New Employment Registry.
1906-08-29	Council of Ministers.
1906-08-29	Lift for Mixed Tribunal.
1906-08-29	Accession Day Pete.
1906-08-29	Secondary Education.
1906-08-29	Cambling Den Raided.
1906-08-29	The Brindisi Mail.
1906-08-29	Municipal Delegation.
1906-08-29	Carlton Hotel.
1906-08-29	The Tables Turned.
1906-08-29	Stabbing Affray.
1906-08-29	"La Margherita."
1906-08-29	A Narrow Escape.
1906-08-29	Corrupt Policemen.
1906-08-29	Robbery at Alexandria.
1906-08-29	Prinz Ludwig at Port Said.
1906-08-29	“French Garden.”
1906-08-29	New Employment Registry.
1906-09-08	Council of Ministers.
1906-09-08	Prince Line.
1906-09-08	The Brindisi Mall.
1906-09-08	Arabic Examination
1906-09-08	Death Sentence.
1906-09-08	Persian Consulate
1906-09-08	Yemen Coffee.
1906-09-08	Port Sudan.
1906-09-08	The Shoubra Crime.
1906-09-08	Precocious Criminality.
1906-09-08	Financial Committee.
1906-09-08	A Specie Cargo
1906-09-08	Carriage Accident.
1906-09-08	Seni Suet Municipality.
1906-09-08	Turkish Play
1906-09-08	Motel Beau-Rivage.
1906-09-08	New employment Registry.
1906-09-10	The Plague.
1906-09-10	Legislative Council.
1906-09-10	Blackmailing an Omdeh.
1906-09-10	Diphtheria at Fayeum.
1906-09-10	The Khedivial Wakfs.
1906-09-10	Alexandria Hospital.
1906-09-10	The Fashn Murder.
1906-09-10	Death Sentence.
1906-09-10	P. and O. Company.
1906-09-10	Markaz Courts.
1906-09-10	Sudden Death.
1906-09-10	The Opera Square Affair.
1906-09-10	Bagdad Mail Lost.
1906-09-10	The Railway Service.
1906-09-10	A Turkish Princess.
1906-09-10	New Employment Registry.
1906-09-11	The Price of Loyalty.
1906-09-11	Hashish Seizure.
1906-09-11	The Brindisi Mail.
1906-09-11	The Prison Departent.
1906-09-11	Coptic New Year.
1906-09-11	New Police Station.
1906-09-11	Hydrophobia.
1906-09-11	New Coptic School.
1906-09-11	New Officers' Quarters.
1906-09-11	Rotations.
1906-09-11	Imprisonment for Libel.
1906-09-11	Stray Dogs.
1906-09-11	Fatality on Mex Railway.
1906-09-11	Motor-Car Accident.
1906-09-11	French Consulate at Suez.
1906-09-11	San Stefano Casino.
1906-09-11	Italian National Fete.
1906-09-11	Opera Square Incident.
1906-09-11	The Shoubra Crime.
1906-09-11	Permanent Way Renewals.
1906-09-11	Fire at Damanhour.
1906-09-12	Fatal Scorpion Bite.
1906-09-12	Post Office for Karnak.
1906-09-12	A Nilotic Tammany Hall.
1906-09-12	Attempted Suicide.
1906-09-12	Esbekleh Summary Court.
1906-09-12	Alexandria Municipality.
1906-09-12	Mehalia Postal Scandal.
1906-09-12	Motor Accident.
1906-09-12	Parricide.
1906-09-12	Gambling Egyptians.
1906-09-12	Elementary Grammar.
1906-09-12	BAND PERFORMANCEs in Cairo.
1906-09-12	Port Sudan.
1906-09-12	An Italian Virago.
1906-09-12	Salary Improvement Commission.
1906-09-12	Pro Macedonia.
1906-10-01	Minieh Moudirleh Council
1906-10-01	The Suppression of Gambling.
1906-10-01	Cairo to Alexandria Trains.
1906-10-01	Nisf Shaaban Ceremony.
1906-10-01	The Late Mrs. Alderson.
1906-10-01	English Printing In Egypt
1906-10-01	All Saints Church, Ramleh.
1906-10-01	School of Veterinary Medicine
1906-10-01	Turkish Contraband.
1906-10-01	Pharaoh's Dogs.
1906-10-01	The Sardinian’s Encounter.
1906-10-01	Walker and Melmarachi.
1906-10-02	Tragedy at Kom-Ombo.
1906-10-02	Turkish Lottery.
1906-10-02	Shelter House for Pilgrims.
1906-10-02	Chilian Training Ship
1906-10-02	Alexandria Native Court.
1906-10-02	Cattle Plague.
1906-10-02	Robbery at a Prince's Palace.
1906-10-02	Contracts.
1906-10-02	“Al Moayad."
1906-10-02	The Alhambra Theatre.
1906-10-02	Cairo Fire Station.
1906-10-02	The Labbane Affair.
1906-10-02	Khedivial School of Law.
1906-10-02	A Novel on Egypt.
1906-10-02	Charity Fete.
1906-10-02	New Employment Registry.
1906-10-03	The Cattle Plague.
1906-10-03	Drafts for Egypt
1906-10-03	The “Sucreries” Line.
1906-10-03	Alexandria Swimming Clnb.
1906-10-03	The Austrian Agency.
1906-10-03	Legislative Council.
1906-10-03	Army Dental Surgeon.
1906-10-03	Increases of Salary.
1906-10-03	Constanza to Alexandria.
1906-10-03	The Syrian Mutineers.
1906-10-03	New Honours List.
1906-10-03	Hashish Seizure.
1906-10-03	“Al Moayad.”
1906-10-03	Hotel Beau Rivage.
1906-10-03	Reuter’s Agency.
1907-04-01	Banque du Cairo.
1907-04-01	The Season at Luxor.
1907-04-01	New Post Office.
1907-04-01	Kasr-el-Bridge.
1907-04-01	Lots Turcs.
1907-04-01	Sudan Creek's Estate.
1907-04-01	Concert.
1907-04-01	Fatal Accident
1907-04-01	American Mission.
1907-04-01	Ante-Semitism at Port Said.
1907-04-01	Valletta.
1907-04-03	The Brindisi Mail.
1907-04-03	The Egyptlan University.
1907-04-03	The Holy Carpet in Quarantine.
1907-04-03	The Wakfs Administration
1907-04-03	Rudolph Home.
1907-04-03	Irrigation Department
1907-04-03	At Ahbassieh Asylum.
1907-04-03	United Egyptian Lands
1907-04-03	Khartoum Railway Station
1907-04-03	The English Bar In Egypt.
1907-04-03	Ulema Board of Alexandria.
1907-04-03	Hotel Semlramle. Cairo.

1906-03-06	New Sudan Line.
1906-03-06	Shepheard's Fete.
1906-03-06	Khartoum Exhibition.
1906-03-06	Egypt at St. Louis.
1906-03-06	National Hotel.
1906-03-06	Concert.
1906-03-06	Summer Uniforms.
1906-03-06	Murder of a Khedivial Line Agent.
1906-03-06	The Late Marco Lavi Carasso.
1906-03-06	Savoy Small Dance.
1906-03-06	Government Pensions.
1906-03-06	Suez Canal Dues.
1906-03-06	Notice.
1906-03-06	Sales of Palaces.
1906-03-06	Egyptian Thought-reader.
1906-03-06	Society Concert.
1906-03-06	AN IMPORTANT RISE IN PRICE.
1906-03-06	AMERICAN STOCKS & SHARES.
1906-03-06	KHEDIVIAL DECORATIONS.
1906-03-06	GREECE AND EGYPT.
1906-03-06	THE SUCRERIES.
1906-03-06	BAND PERFORMANCE>
1906-03-06	HOW CAIRO TRADESMEN WERE "DONE."
1906-03-06	THE ROYAL VISIT.
1906-03-06	NEW PALATIAL HOTEL FOR CAIRO.
1906-03-06	H.M.S. DONEGAL.
1906-03-06	THE CLAN CUMMING RETURNS.
1906-03-06	STEAMER MOVEMENTS.
1906-03-06	MINERVA GOES TO ASSIST THE DONEGAL.
1906-03-06	NILE VALLEY CO.
1906-03-06	ON THE WANE.
1906-03-06	KEHDIVIAL OPERA HOUSE.
1906-03-06	VIOLIN RECITAL.
1906-03-07	Shepheard's Fete.
1906-03-07	Connaught House.
1906-03-07	Norddeutscher Lloyd.
1906-03-07	Quarantine.
1906-03-07	The Mahreussa.
1906-03-07	The Brindisi Mail.
1906-03-07	Reunion Ramlists.
1906-03-07	Shrager Brothers.
1906-03-07	Government Hospital.
1906-03-07	International Institute of Agriculture.
1906-03-07	The New "Cadre."
1906-03-07	A Curious Mistake.
1906-03-07	Bank Robbery.
1906-03-07	DELEGATION MUNICIPALE
1906-03-07	TO HERALD KING ALFONSO'S WEDDING.
1906-03-07	TSAR TO OPEN DUMA.
1906-03-07	THE ARMY ESTIMATES.
1906-03-07	"MODERN EGYPT."
1906-03-07	AMERICAN STOCKS & SHARES.
1906-03-07	THE SHEIKH EL-SADAT.
1906-03-07	FRENCH HOSPITAL AT CAIRO.
1906-03-07	EGYPT'S EXPORTS TO MANCHESTER.
1906-03-07	SEVEN BEDOUIN CHIEFS BEHEADED.
1906-03-07	EGPYT AND TURKEY.
1906-03-07	RETURN OF THE KHEDIVE.
1906-03-07	TOR QUARATINE CAMP.
1906-03-07	IMPORTANT SALES OF BUILDINGS IN CAIRO.
1906-03-07	THEWFIKIEH NILE COMPANY.
1906-03-07	STEAMER MOVEMENTS.
1906-03-07	EXTRAORDINARY CAIRO PROCESSION.
1906-03-07	NOTES FROM PORT SAID.
1906-03-07	OF A TOUR IN UPPER EGYPT.
1906-10-09	The Cherif Estates.
1906-10-09	Tha Plague.
1906-10-09	New Rodah Bridges.
1906-10-09	Cairo French Agency.
1906-10-09	Credit Fonder Hollandala.
1906-10-09	Fire in Ramieh.
1906-10-09	Government Schools.
1906-10-09	Elopment.
1906-10-09	U.S.A. and Egypt.
1906-10-09	Sudan American Missions.
1906-10-09	Coptic Firest Converted.
1906-10-09	A Harem Romance.
1906-10-09	Cotton Culture in Cerman Africa.
1906-10-10	Ras-el-Bar.
1906-10-10	The Plague.
1906-10-10	Tram Accident.
1906-10-10	Pensions.
1906-10-10	The Brindisl Mall.
1906-10-10	Menshawl Pasha's Estate.
1906-10-10	Royal Berks.
1906-10-10	New Station.
1906-10-10	Military School.
1906-10-10	Helouan Roads.
1906-10-10	White Cross League.
1906-10-10	Beni Souef.
1906-10-10	Survey Department.
1906-10-10	Record Passenger List.
1906-10-10	Alharambra Theatre.
1906-10-10	Murderer Arrested.
1906-10-10	Erratum.
1906-10-10	A Canal Mystery.
1906-10-15	The Mansourieh Canal
1906-10-15	Slaves Freed.
1906-10-15	The Isis.
1906-10-15	Railway Credit.
1906-10-15	Ministers' Return to Cairo.
1906-10-15	Egyptian Army Moves.
1906-10-15	The Brindisi Mail.
1906-10-15	Minieh Agricultural 8how.
1906-10-15	Creek Railways.
1906-10-15	The Plague.
1906-10-15	Native Lady's Arrest
1906-10-15	The American Squadron.
1906-10-15	American Visitors.
1906-10-15	Suez Canal.
1906-10-15	The Frontier Commission.
1906-10-15	Bandmann Opera Company.
1906-10-15	New Employment Registry.
1906-10-15	BOMBS FOUND IN CHURCHES
1906-10-15	RIOT AT LONGCHAMPS.
1906-10-15	STEAMER ON FIRE.
1906-10-15	U. S. A. AND CUBA.
1906-10-15	GENERAL STOESSEL RETIRED
1906-10-15	AMIENS LABOUR CONGRESS
1906-10-15	LORD ELGIN'S DESPATCH.
1906-10-15	NATALI REBEL CHIEFS
1906-10-15	REBUILDING OF VALPARAISO
1906-10-15	FRENCH TROOPS IN CHINA.
1906-10-15	DEATH OF GATTI.
1906-10-15	RUGBY FOOTBALL
1906-10-16	Killed by a Scorpion.
1906-10-16	Raid on Cambling Den.
1906-10-16	Protection of Kasr-el-Doubara.
1906-10-16	Native Tribunal.
1906-10-16	Express Nile Steamer Co
1906-10-16	School of Medicine.
1906-10-16	Collapse of House.
1906-10-16	Legislative Council.
1906-10-16	Transport.
1906-10-16	Coldstream Guards.
1906-10-16	The Brindisi Mall.
1906-10-16	Egypt's Prosperity.
1906-10-16	Cook's Cairo Offices.
1906-10-16	Creek Benevolence.
1906-10-16	Banquet to Sirdar
1906-10-16	French Cruiser at Port Said.
1906-10-16	Suez Canal.
1906-10-16	Rodah Bridge.
1906-11-12	Alexandria Harbor
1906-11-12	King's Birthday Parade
1906-11-12	Sinai Boundary
1906-11-12	The "Bosphore"
1906-11-12	Ballooning in Cairo
1906-11-12	Dengue Epidemic
1906-11-12	Agricultural Bank
1906-11-12	Austro-Hungarian Consulate
1906-11-12	Suez Canal
1906-11-12	Stock and Share Circular
1906-11-12	Royal Anniversary
1906-11-13	Jerusalem’s Progress.
1906-11-13	The Pilgrimage
1906-11-13	Wakfs Administration.
1906-11-13	Transport.
1906-11-13	Antiquities for Turin.
1906-11-13	Alhambra Theatre
1906-11-13	Prinoe's Birthday.
1906-11-13	Tourists.
1906-11-13	Suez Canal.
1906-11-13	Zizinla Theatre.
1906-11-13	Beyram Holidays.
1907-01-21	Tour Eiffel Music Hall.
1907-01-21	Quarantine In Turkey.
1907-01-21	Council of Ministers.
1907-01-21	The Weather.
1907-01-21	Visit of Japanese Squadron.
1907-01-21	Five Days on a Desert Island.
1907-01-21	Kourban Beyram.
1907-01-21	Arrival of Caronia.
1907-01-22	Dance at Mena.
1907-01-22	Ottoman Fete.
1907-01-22	Egyptian Constructions.
1907-01-22	A Dementl.
1907-01-22	Accession Honours.
1907-01-22	Anglo-Belgian Co. of Egypt.
1907-01-22	Pierre Loti.
1907-01-22	The Yost.
1907-02-04	Plague Credit
1907-02-04	New Foundlings’ Home.
1907-02-04	The Artesian Boring and Prospecting Co.
1907-02-04	Stabbing Affray.
1907-02-04	Village Murder.
1907-02-04	Coal Imports.
1907-02-04	Benefit Performance.
1907-02-04	All Saints' Church, Ramleh.
1907-02-04	Sleeping Care.
1907-02-04	Damanhour Industrial School.
1907-02-04	Ambassador and Chancellor.
1907-02-05	LOCAL AND GENERAL
1907-02-05	Upper Egypt Hotels Co.
1907-02-05	Mena House
1907-02-05	Egyptian Directory
1907-02-05	Cattle Plague
1907-02-05	Egyptian Shipbuilding
1907-02-05	Hotel Semiramis.
1907-02-05	Savoy Fancy Dress Ball.
1907-02-05	Captain Spelterini.
1907-02-05	Suez Canal
1907-02-05	New Khedivial Hotel.
1907-02-05	Recital At Shepherds
1907-02-05	Motorcar Plunges Into the Sea
1907-02-06	The Pilgrimage
1907-02-06	Cattle Plague
1907-02-06	Government Schools
1907-02-06	Pan-Islamic in Cairo
1907-02-06	Esneh Barrage
1907-02-06	The Brindis Mall.
1907-02-06	Egyptian Directory
1907-02-06	Austrian Lloyd.
1907-02-06	Bubonic Plague
1907-02-06	Suez Canal Company
1907-04-08	Arrival of Spanish-Yacht.
1907-04-08	United Egyptian Lands Ltd..
1907-04-08	H M B. Minerva.
1907-04-08	Eldorado Thoatro.
1907-04-08	Business Announcement.
1907-04-08	Municipal Commission
1907-04-08	Japanese Men-of-War.
1907-04-08	The Desert and the Sown.
1907-04-08	Italy and Greece.
1907-04-08	Public Health Department.
1907-04-08	Sudan Inscription
1907-04-08	Coal Import
1907-04-08	Tewfik Palace Hotel
1907-04-08	British Recreation Club
1907-04-08	A Forthcoming Consert
1907-04-08	Pappa's Grocery Storos
1907-04-23	San Stefano Re-opening
1907-04-23	Public Health Department.
1907-04-23	Khedivial Steamers Administration.
1907-04-23	Female Education In the Provinces.
1907-04-23	Cairo Scientifc Society.
1907-04-23	Cotton In the Fayuum.
1907-04-23	A. L M. D. S.
1907-04-23	Coal Imports.
1907-04-23	Alexandria Horse Show.
1907-04-23	Light for Medinet el Fayoum.
1907-04-23	For the Summer Season
1907-04-23	Continental Hotel.
1907-04-23	Port-Sudan’s Water Supply.
1907-04-23	Freemasonry In Egypt
1907-04-23	Port Sudan Progress
1907-04-24	New Tramway Lines.
1907-04-24	New Hospitals.
1907-04-24	Brindial Mall.
1907-04-24	Red Sea Light Keepers.
1907-04-24	European Police Constables.
1907-04-24	The Mensheh Demonstration.
1907-04-24	Bedouins Rights.
1907-04-24	French Chauffeur Sentenced.
1907-04-24	The Zervudaohl Asphalt.
1907-04-24	Motors in Bahr el Chazal.
1907-04-24	P.W.D. Corruption Case.
1907-04-24	German Firm and P.W. D
1907-04-24	New Creek Club.
1907-04-24	Free Meals for Creek Children
1907-04-24	The Anti-Russian Demonstrations
1907-04-24	Mme. Meyer e Concert
1907-05-13	Alexandria and Cairo Bourses.
1907-05-13	The Eldorado Theatre.
1907-05-13	The Census.
1907-05-13	Drowning Fatality at Boulao.
1907-05-13	Pearl Pin Found.
1907-05-13	Plague Bulletin.
1907-05-13	San Stefano Casino.
1907-05-13	Double Execution
1907-05-13	Raid on Tramps.
1907-05-13	Alexandria Archaeological Society.
1907-05-13	Union Artistique Francaise.
1907-05-20	Books Received.
1907-05-20	Grants to Princes.
1907-05-20	The Press
1907-05-20	New-York Co-Operative Stories
1907-05-20	The Plague
1907-05-20	Grand Continental Hotel
1907-05-20	Kordofan Trading Company
1907-05-20	The Windsor Motel
1907-05-20	Union Artistique Francaise
1907-05-21	A Notable Success
1907-05-21	Lecture on Egypt
1907-05-21	Alexandria-Beyrout
1907-05-21	Cairo Scientific Society
1907-05-21	New Medical Licsences
1907-05-21	Accident at a Mosque
1907-05-21	Ras El Bar
1907-05-21	The Census
1907-05-21	A Cairo Scandal
1907-05-21	The Cairo Theatres
1907-05-21	A Reminiscence from Egypt
1907-05-21	Education in the Sudan
1907-05-21	The British Club
1907-05-23	The Moore Case.
1907-05-23	The Cadis School.
1907-05-23	Marsa Matrouh Markaz.
1907-05-23	French National Fate.
1907-05-23	Ivory Arrivals.
1907-05-23	A Cairo Crime.
1907-05-23	Cattle Plague
1907-05-23	Strike in Cairo.
1907-05-23	Plague.
1907-05-23	Births and Deaths.
1907-05-23	Port and Lighthouses Administration.
1907-05-23	Khanka Asylum
